{
    "age": 20, 
    "cur_trial": null, 
    "end_time": 1516238033.023254, 
    "eyewear": "no", 
    "gender": "M", 
    "handedness": "right", 
    "human": true, 
    "major": "Psychology", 
    "participant_id": 69, 
    "py/object": "logger.SubjectLog", 
    "start_time": 1516237436.164456, 
    "strategy": "using gray levers, I would use mmpt to find the combinaion then proceed to actually solve it given the number of attempts possible.", 
    "subject_id": "1870162044", 
    "transfer_strategy": "It took a little longbut it did ultimately work."
}