{
    "attempt_seq": [
        {
            "action_seq": [
                {
                    "end_time": 1516137590.392706, 
                    "name": "push_l1", 
                    "py/object": "logger.ActionLog", 
                    "start_time": 1516137586.959876
                }, 
                {
                    "end_time": 1516137594.890025, 
                    "name": "push_l2", 
                    "py/object": "logger.ActionLog", 
                    "start_time": 1516137592.124339
                }, 
                {
                    "end_time": 1516137600.107585, 
                    "name": "push_l0", 
                    "py/object": "logger.ActionLog", 
                    "start_time": 1516137596.139875
                }
            ], 
            "attempt_num": 0, 
            "cur_action": null, 
            "end_time": 1516137600.107647, 
            "py/object": "logger.AttemptLog", 
            "results": [
                [
                    "frame", 
                    "door", 
                    "door_lock", 
                    "inactive0", 
                    "inactive1", 
                    "inactive2", 
                    "inactive3", 
                    "l2", 
                    "l0", 
                    "l1", 
                    "agent", 
                    "push_l0", 
                    "push_inactive0", 
                    "push_l2", 
                    "push_inactive1", 
                    "push_l1", 
                    "push_inactive2", 
                    "push_inactive3", 
                    "pull_l0", 
                    "pull_inactive0", 
                    "pull_l2", 
                    "pull_inactive1", 
                    "pull_l1", 
                    "pull_inactive2", 
                    "pull_inactive3", 
                    "push_door"
                ], 
                [
                    0, 
                    0, 
                    1, 
                    1, 
                    1, 
                    1, 
                    1, 
                    1, 
                    1, 
                    1, 
                    0, 
                    0, 
                    0, 
                    0, 
                    0, 
                    0, 
                    0, 
                    0, 
                    0, 
                    0, 
                    0, 
                    0, 
                    0, 
                    0, 
                    0, 
                    0
                ], 
                [
                    0, 
                    0, 
                    1, 
                    1, 
                    1, 
                    1, 
                    1, 
                    1, 
                    1, 
                    1, 
                    0, 
                    0, 
                    0, 
                    0, 
                    0, 
                    1, 
                    0, 
                    0, 
                    0, 
                    0, 
                    0, 
                    0, 
                    0, 
                    0, 
                    0, 
                    0
                ], 
                [
                    1, 
                    0, 
                    1, 
                    1, 
                    1, 
                    1, 
                    1, 
                    1, 
                    1, 
                    1, 
                    0, 
                    0, 
                    0, 
                    0, 
                    0, 
                    0, 
                    0, 
                    0, 
                    0, 
                    0, 
                    0, 
                    0, 
                    0, 
                    0, 
                    0, 
                    0
                ], 
                [
                    1, 
                    0, 
                    1, 
                    1, 
                    1, 
                    1, 
                    1, 
                    1, 
                    1, 
                    1, 
                    0, 
                    0, 
                    0, 
                    1, 
                    0, 
                    0, 
                    0, 
                    0, 
                    0, 
                    0, 
                    0, 
                    0, 
                    0, 
                    0, 
                    0, 
                    0
                ], 
                [
                    2, 
                    0, 
                    1, 
                    1, 
                    1, 
                    1, 
                    1, 
                    1, 
                    1, 
                    1, 
                    0, 
                    0, 
                    0, 
                    0, 
                    0, 
                    0, 
                    0, 
                    0, 
                    0, 
                    0, 
                    0, 
                    0, 
                    0, 
                    0, 
                    0, 
                    0
                ], 
                [
                    2, 
                    0, 
                    1, 
                    1, 
                    1, 
                    1, 
                    1, 
                    1, 
                    1, 
                    1, 
                    0, 
                    1, 
                    0, 
                    0, 
                    0, 
                    0, 
                    0, 
                    0, 
                    0, 
                    0, 
                    0, 
                    0, 
                    0, 
                    0, 
                    0, 
                    0
                ], 
                [
                    3, 
                    0, 
                    1, 
                    1, 
                    1, 
                    1, 
                    1, 
                    1, 
                    0, 
                    1, 
                    0, 
                    0, 
                    0, 
                    0, 
                    0, 
                    0, 
                    0, 
                    0, 
                    0, 
                    0, 
                    0, 
                    0, 
                    0, 
                    0, 
                    0, 
                    0
                ]
            ], 
            "start_time": 1516137583.809899, 
            "success": false
        }, 
        {
            "action_seq": [
                {
                    "end_time": 1516137604.237056, 
                    "name": "push_l0", 
                    "py/object": "logger.ActionLog", 
                    "start_time": 1516137601.138296
                }, 
                {
                    "end_time": 1516137610.086012, 
                    "name": "push_l2", 
                    "py/object": "logger.ActionLog", 
                    "start_time": 1516137606.585968
                }, 
                {
                    "end_time": 1516137615.348809, 
                    "name": "push_door", 
                    "py/object": "logger.ActionLog", 
                    "start_time": 1516137610.901009
                }
            ], 
            "attempt_num": 1, 
            "cur_action": null, 
            "end_time": 1516137615.348896, 
            "py/object": "logger.AttemptLog", 
            "results": [
                [
                    "frame", 
                    "door", 
                    "door_lock", 
                    "inactive0", 
                    "inactive1", 
                    "inactive2", 
                    "inactive3", 
                    "l2", 
                    "l0", 
                    "l1", 
                    "agent", 
                    "push_l0", 
                    "push_inactive0", 
                    "push_l2", 
                    "push_inactive1", 
                    "push_l1", 
                    "push_inactive2", 
                    "push_inactive3", 
                    "pull_l0", 
                    "pull_inactive0", 
                    "pull_l2", 
                    "pull_inactive1", 
                    "pull_l1", 
                    "pull_inactive2", 
                    "pull_inactive3", 
                    "push_door"
                ], 
                [
                    0, 
                    0, 
                    1, 
                    1, 
                    1, 
                    1, 
                    1, 
                    1, 
                    1, 
                    1, 
                    0, 
                    0, 
                    0, 
                    0, 
                    0, 
                    0, 
                    0, 
                    0, 
                    0, 
                    0, 
                    0, 
                    0, 
                    0, 
                    0, 
                    0, 
                    0
                ], 
                [
                    0, 
                    0, 
                    1, 
                    1, 
                    1, 
                    1, 
                    1, 
                    1, 
                    1, 
                    1, 
                    0, 
                    1, 
                    0, 
                    0, 
                    0, 
                    0, 
                    0, 
                    0, 
                    0, 
                    0, 
                    0, 
                    0, 
                    0, 
                    0, 
                    0, 
                    0
                ], 
                [
                    1, 
                    0, 
                    1, 
                    1, 
                    1, 
                    1, 
                    1, 
                    1, 
                    0, 
                    1, 
                    0, 
                    0, 
                    0, 
                    0, 
                    0, 
                    0, 
                    0, 
                    0, 
                    0, 
                    0, 
                    0, 
                    0, 
                    0, 
                    0, 
                    0, 
                    0
                ], 
                [
                    1, 
                    0, 
                    1, 
                    1, 
                    1, 
                    1, 
                    1, 
                    1, 
                    0, 
                    1, 
                    0, 
                    0, 
                    0, 
                    1, 
                    0, 
                    0, 
                    0, 
                    0, 
                    0, 
                    0, 
                    0, 
                    0, 
                    0, 
                    0, 
                    0, 
                    0
                ], 
                [
                    2, 
                    0, 
                    0, 
                    1, 
                    1, 
                    1, 
                    1, 
                    0, 
                    0, 
                    1, 
                    0, 
                    0, 
                    0, 
                    0, 
                    0, 
                    0, 
                    0, 
                    0, 
                    0, 
                    0, 
                    0, 
                    0, 
                    0, 
                    0, 
                    0, 
                    0
                ], 
                [
                    2, 
                    0, 
                    0, 
                    1, 
                    1, 
                    1, 
                    1, 
                    0, 
                    0, 
                    1, 
                    0, 
                    0, 
                    0, 
                    0, 
                    0, 
                    0, 
                    0, 
                    0, 
                    0, 
                    0, 
                    0, 
                    0, 
                    0, 
                    0, 
                    0, 
                    1
                ], 
                [
                    3, 
                    1, 
                    0, 
                    1, 
                    1, 
                    1, 
                    1, 
                    0, 
                    0, 
                    1, 
                    0, 
                    0, 
                    0, 
                    0, 
                    0, 
                    0, 
                    0, 
                    0, 
                    0, 
                    0, 
                    0, 
                    0, 
                    0, 
                    0, 
                    0, 
                    0
                ]
            ], 
            "start_time": 1516137600.120457, 
            "success": true
        }, 
        {
            "action_seq": [
                {
                    "end_time": 1516137623.5983, 
                    "name": "push_l0", 
                    "py/object": "logger.ActionLog", 
                    "start_time": 1516137620.497666
                }, 
                {
                    "end_time": 1516137629.512953, 
                    "name": "push_l1", 
                    "py/object": "logger.ActionLog", 
                    "start_time": 1516137623.630005
                }, 
                {
                    "end_time": 1516137634.67541, 
                    "name": "push_door", 
                    "py/object": "logger.ActionLog", 
                    "start_time": 1516137629.944715
                }
            ], 
            "attempt_num": 2, 
            "cur_action": null, 
            "end_time": 1516137634.675496, 
            "py/object": "logger.AttemptLog", 
            "results": [
                [
                    "frame", 
                    "door", 
                    "door_lock", 
                    "inactive0", 
                    "inactive1", 
                    "inactive2", 
                    "inactive3", 
                    "l2", 
                    "l0", 
                    "l1", 
                    "agent", 
                    "push_l0", 
                    "push_inactive0", 
                    "push_l2", 
                    "push_inactive1", 
                    "push_l1", 
                    "push_inactive2", 
                    "push_inactive3", 
                    "pull_l0", 
                    "pull_inactive0", 
                    "pull_l2", 
                    "pull_inactive1", 
                    "pull_l1", 
                    "pull_inactive2", 
                    "pull_inactive3", 
                    "push_door"
                ], 
                [
                    0, 
                    0, 
                    1, 
                    1, 
                    1, 
                    1, 
                    1, 
                    1, 
                    1, 
                    1, 
                    0, 
                    0, 
                    0, 
                    0, 
                    0, 
                    0, 
                    0, 
                    0, 
                    0, 
                    0, 
                    0, 
                    0, 
                    0, 
                    0, 
                    0, 
                    0
                ], 
                [
                    0, 
                    0, 
                    1, 
                    1, 
                    1, 
                    1, 
                    1, 
                    1, 
                    1, 
                    1, 
                    0, 
                    1, 
                    0, 
                    0, 
                    0, 
                    0, 
                    0, 
                    0, 
                    0, 
                    0, 
                    0, 
                    0, 
                    0, 
                    0, 
                    0, 
                    0
                ], 
                [
                    1, 
                    0, 
                    1, 
                    1, 
                    1, 
                    1, 
                    1, 
                    1, 
                    0, 
                    1, 
                    0, 
                    0, 
                    0, 
                    0, 
                    0, 
                    0, 
                    0, 
                    0, 
                    0, 
                    0, 
                    0, 
                    0, 
                    0, 
                    0, 
                    0, 
                    0
                ], 
                [
                    1, 
                    0, 
                    1, 
                    1, 
                    1, 
                    1, 
                    1, 
                    1, 
                    0, 
                    1, 
                    0, 
                    0, 
                    0, 
                    0, 
                    0, 
                    1, 
                    0, 
                    0, 
                    0, 
                    0, 
                    0, 
                    0, 
                    0, 
                    0, 
                    0, 
                    0
                ], 
                [
                    2, 
                    0, 
                    0, 
                    1, 
                    1, 
                    1, 
                    1, 
                    1, 
                    0, 
                    0, 
                    0, 
                    0, 
                    0, 
                    0, 
                    0, 
                    0, 
                    0, 
                    0, 
                    0, 
                    0, 
                    0, 
                    0, 
                    0, 
                    0, 
                    0, 
                    0
                ], 
                [
                    2, 
                    0, 
                    0, 
                    1, 
                    1, 
                    1, 
                    1, 
                    1, 
                    0, 
                    0, 
                    0, 
                    0, 
                    0, 
                    0, 
                    0, 
                    0, 
                    0, 
                    0, 
                    0, 
                    0, 
                    0, 
                    0, 
                    0, 
                    0, 
                    0, 
                    1
                ], 
                [
                    3, 
                    1, 
                    0, 
                    1, 
                    1, 
                    1, 
                    1, 
                    1, 
                    0, 
                    0, 
                    0, 
                    0, 
                    0, 
                    0, 
                    0, 
                    0, 
                    0, 
                    0, 
                    0, 
                    0, 
                    0, 
                    0, 
                    0, 
                    0, 
                    0, 
                    0
                ]
            ], 
            "start_time": 1516137619.380004, 
            "success": true
        }
    ], 
    "completed_solutions": [
        [
            {
                "end_time": 1516137604.237056, 
                "name": "push_l0", 
                "py/object": "logger.ActionLog", 
                "start_time": 1516137601.138296
            }, 
            {
                "end_time": 1516137610.086012, 
                "name": "push_l2", 
                "py/object": "logger.ActionLog", 
                "start_time": 1516137606.585968
            }, 
            {
                "end_time": 1516137615.348809, 
                "name": "push_door", 
                "py/object": "logger.ActionLog", 
                "start_time": 1516137610.901009
            }
        ], 
        [
            {
                "end_time": 1516137623.5983, 
                "name": "push_l0", 
                "py/object": "logger.ActionLog", 
                "start_time": 1516137620.497666
            }, 
            {
                "end_time": 1516137629.512953, 
                "name": "push_l1", 
                "py/object": "logger.ActionLog", 
                "start_time": 1516137623.630005
            }, 
            {
                "end_time": 1516137634.67541, 
                "name": "push_door", 
                "py/object": "logger.ActionLog", 
                "start_time": 1516137629.944715
            }
        ]
    ], 
    "cur_attempt": null, 
    "end_time": 1516137638.706486, 
    "name": "trial1", 
    "num_solutions_remaining": 0, 
    "py/object": "logger.TrialLog", 
    "scenario_name": "CC3", 
    "solution_found": [
        false, 
        true, 
        true
    ], 
    "solutions": [
        [
            {
                "name": "push_l0", 
                "py/object": "logger.ActionLog", 
                "start_time": null
            }, 
            {
                "name": "push_l1", 
                "py/object": "logger.ActionLog", 
                "start_time": null
            }, 
            {
                "name": "push_door", 
                "py/object": "logger.ActionLog", 
                "start_time": null
            }
        ], 
        [
            {
                "name": "push_l0", 
                "py/object": "logger.ActionLog", 
                "start_time": null
            }, 
            {
                "name": "push_l2", 
                "py/object": "logger.ActionLog", 
                "start_time": null
            }, 
            {
                "name": "push_door", 
                "py/object": "logger.ActionLog", 
                "start_time": null
            }
        ]
    ], 
    "start_time": 1516137583.809892, 
    "success": true
}