{
    "attempt_seq": [
        {
            "action_seq": [
                {
                    "end_time": 1516148095.278652, 
                    "name": "push_l0", 
                    "py/object": "logger.ActionLog", 
                    "start_time": 1516148093.610039
                }, 
                {
                    "end_time": 1516148100.366449, 
                    "name": "push_inactive3", 
                    "py/object": "logger.ActionLog", 
                    "start_time": 1516148098.780559
                }, 
                {
                    "end_time": 1516148102.818945, 
                    "name": "push_l2", 
                    "py/object": "logger.ActionLog", 
                    "start_time": 1516148101.299455
                }
            ], 
            "attempt_num": 0, 
            "cur_action": null, 
            "end_time": 1516148102.818998, 
            "py/object": "logger.AttemptLog", 
            "results": [
                [
                    "frame", 
                    "door", 
                    "door_lock", 
                    "inactive0", 
                    "inactive1", 
                    "inactive2", 
                    "inactive3", 
                    "l2", 
                    "l0", 
                    "l1", 
                    "agent", 
                    "push_inactive0", 
                    "push_inactive1", 
                    "push_l1", 
                    "push_inactive2", 
                    "push_l2", 
                    "push_inactive3", 
                    "push_l0", 
                    "pull_inactive0", 
                    "pull_inactive1", 
                    "pull_l1", 
                    "pull_inactive2", 
                    "pull_l2", 
                    "pull_inactive3", 
                    "pull_l0", 
                    "push_door"
                ], 
                [
                    0, 
                    0, 
                    1, 
                    1, 
                    1, 
                    1, 
                    1, 
                    1, 
                    1, 
                    1, 
                    0, 
                    0, 
                    0, 
                    0, 
                    0, 
                    0, 
                    0, 
                    0, 
                    0, 
                    0, 
                    0, 
                    0, 
                    0, 
                    0, 
                    0, 
                    0
                ], 
                [
                    0, 
                    0, 
                    1, 
                    1, 
                    1, 
                    1, 
                    1, 
                    1, 
                    1, 
                    1, 
                    0, 
                    0, 
                    0, 
                    0, 
                    0, 
                    0, 
                    0, 
                    1, 
                    0, 
                    0, 
                    0, 
                    0, 
                    0, 
                    0, 
                    0, 
                    0
                ], 
                [
                    1, 
                    0, 
                    1, 
                    1, 
                    1, 
                    1, 
                    1, 
                    1, 
                    0, 
                    1, 
                    0, 
                    0, 
                    0, 
                    0, 
                    0, 
                    0, 
                    0, 
                    0, 
                    0, 
                    0, 
                    0, 
                    0, 
                    0, 
                    0, 
                    0, 
                    0
                ], 
                [
                    1, 
                    0, 
                    1, 
                    1, 
                    1, 
                    1, 
                    1, 
                    1, 
                    0, 
                    1, 
                    0, 
                    0, 
                    0, 
                    0, 
                    0, 
                    0, 
                    1, 
                    0, 
                    0, 
                    0, 
                    0, 
                    0, 
                    0, 
                    0, 
                    0, 
                    0
                ], 
                [
                    2, 
                    0, 
                    1, 
                    1, 
                    1, 
                    1, 
                    1, 
                    1, 
                    0, 
                    1, 
                    0, 
                    0, 
                    0, 
                    0, 
                    0, 
                    0, 
                    0, 
                    0, 
                    0, 
                    0, 
                    0, 
                    0, 
                    0, 
                    0, 
                    0, 
                    0
                ], 
                [
                    2, 
                    0, 
                    1, 
                    1, 
                    1, 
                    1, 
                    1, 
                    1, 
                    0, 
                    1, 
                    0, 
                    0, 
                    0, 
                    0, 
                    0, 
                    1, 
                    0, 
                    0, 
                    0, 
                    0, 
                    0, 
                    0, 
                    0, 
                    0, 
                    0, 
                    0
                ], 
                [
                    3, 
                    0, 
                    0, 
                    1, 
                    1, 
                    1, 
                    1, 
                    0, 
                    0, 
                    1, 
                    0, 
                    0, 
                    0, 
                    0, 
                    0, 
                    0, 
                    0, 
                    0, 
                    0, 
                    0, 
                    0, 
                    0, 
                    0, 
                    0, 
                    0, 
                    0
                ]
            ], 
            "start_time": 1516148086.953314, 
            "success": false
        }, 
        {
            "action_seq": [
                {
                    "end_time": 1516148109.62246, 
                    "name": "pull_l0", 
                    "py/object": "logger.ActionLog", 
                    "start_time": 1516148107.671084
                }, 
                {
                    "end_time": 1516148112.075983, 
                    "name": "push_l0", 
                    "py/object": "logger.ActionLog", 
                    "start_time": 1516148111.040329
                }, 
                {
                    "end_time": 1516148114.644418, 
                    "name": "push_l2", 
                    "py/object": "logger.ActionLog", 
                    "start_time": 1516148112.357939
                }
            ], 
            "attempt_num": 1, 
            "cur_action": null, 
            "end_time": 1516148114.64447, 
            "py/object": "logger.AttemptLog", 
            "results": [
                [
                    "frame", 
                    "door", 
                    "door_lock", 
                    "inactive0", 
                    "inactive1", 
                    "inactive2", 
                    "inactive3", 
                    "l2", 
                    "l0", 
                    "l1", 
                    "agent", 
                    "push_inactive0", 
                    "push_inactive1", 
                    "push_l1", 
                    "push_inactive2", 
                    "push_l2", 
                    "push_inactive3", 
                    "push_l0", 
                    "pull_inactive0", 
                    "pull_inactive1", 
                    "pull_l1", 
                    "pull_inactive2", 
                    "pull_l2", 
                    "pull_inactive3", 
                    "pull_l0", 
                    "push_door"
                ], 
                [
                    0, 
                    0, 
                    1, 
                    1, 
                    1, 
                    1, 
                    1, 
                    1, 
                    1, 
                    1, 
                    0, 
                    0, 
                    0, 
                    0, 
                    0, 
                    0, 
                    0, 
                    0, 
                    0, 
                    0, 
                    0, 
                    0, 
                    0, 
                    0, 
                    0, 
                    0
                ], 
                [
                    0, 
                    0, 
                    1, 
                    1, 
                    1, 
                    1, 
                    1, 
                    1, 
                    1, 
                    1, 
                    0, 
                    0, 
                    0, 
                    0, 
                    0, 
                    0, 
                    0, 
                    0, 
                    0, 
                    0, 
                    0, 
                    0, 
                    0, 
                    0, 
                    1, 
                    0
                ], 
                [
                    1, 
                    0, 
                    1, 
                    1, 
                    1, 
                    1, 
                    1, 
                    1, 
                    1, 
                    1, 
                    0, 
                    0, 
                    0, 
                    0, 
                    0, 
                    0, 
                    0, 
                    0, 
                    0, 
                    0, 
                    0, 
                    0, 
                    0, 
                    0, 
                    0, 
                    0
                ], 
                [
                    1, 
                    0, 
                    1, 
                    1, 
                    1, 
                    1, 
                    1, 
                    1, 
                    1, 
                    1, 
                    0, 
                    0, 
                    0, 
                    0, 
                    0, 
                    0, 
                    0, 
                    1, 
                    0, 
                    0, 
                    0, 
                    0, 
                    0, 
                    0, 
                    0, 
                    0
                ], 
                [
                    2, 
                    0, 
                    1, 
                    1, 
                    1, 
                    1, 
                    1, 
                    1, 
                    0, 
                    1, 
                    0, 
                    0, 
                    0, 
                    0, 
                    0, 
                    0, 
                    0, 
                    0, 
                    0, 
                    0, 
                    0, 
                    0, 
                    0, 
                    0, 
                    0, 
                    0
                ], 
                [
                    2, 
                    0, 
                    1, 
                    1, 
                    1, 
                    1, 
                    1, 
                    1, 
                    0, 
                    1, 
                    0, 
                    0, 
                    0, 
                    0, 
                    0, 
                    1, 
                    0, 
                    0, 
                    0, 
                    0, 
                    0, 
                    0, 
                    0, 
                    0, 
                    0, 
                    0
                ], 
                [
                    3, 
                    0, 
                    0, 
                    1, 
                    1, 
                    1, 
                    1, 
                    0, 
                    0, 
                    1, 
                    0, 
                    0, 
                    0, 
                    0, 
                    0, 
                    0, 
                    0, 
                    0, 
                    0, 
                    0, 
                    0, 
                    0, 
                    0, 
                    0, 
                    0, 
                    0
                ]
            ], 
            "start_time": 1516148106.852253, 
            "success": false
        }, 
        {
            "action_seq": [
                {
                    "end_time": 1516148121.966135, 
                    "name": "push_l0", 
                    "py/object": "logger.ActionLog", 
                    "start_time": 1516148120.297617
                }, 
                {
                    "end_time": 1516148124.452869, 
                    "name": "push_l2", 
                    "py/object": "logger.ActionLog", 
                    "start_time": 1516148122.199193
                }, 
                {
                    "end_time": 1516148127.45537, 
                    "name": "push_door", 
                    "py/object": "logger.ActionLog", 
                    "start_time": 1516148124.534132
                }
            ], 
            "attempt_num": 2, 
            "cur_action": null, 
            "end_time": 1516148127.455439, 
            "py/object": "logger.AttemptLog", 
            "results": [
                [
                    "frame", 
                    "door", 
                    "door_lock", 
                    "inactive0", 
                    "inactive1", 
                    "inactive2", 
                    "inactive3", 
                    "l2", 
                    "l0", 
                    "l1", 
                    "agent", 
                    "push_inactive0", 
                    "push_inactive1", 
                    "push_l1", 
                    "push_inactive2", 
                    "push_l2", 
                    "push_inactive3", 
                    "push_l0", 
                    "pull_inactive0", 
                    "pull_inactive1", 
                    "pull_l1", 
                    "pull_inactive2", 
                    "pull_l2", 
                    "pull_inactive3", 
                    "pull_l0", 
                    "push_door"
                ], 
                [
                    0, 
                    0, 
                    1, 
                    1, 
                    1, 
                    1, 
                    1, 
                    1, 
                    1, 
                    1, 
                    0, 
                    0, 
                    0, 
                    0, 
                    0, 
                    0, 
                    0, 
                    0, 
                    0, 
                    0, 
                    0, 
                    0, 
                    0, 
                    0, 
                    0, 
                    0
                ], 
                [
                    0, 
                    0, 
                    1, 
                    1, 
                    1, 
                    1, 
                    1, 
                    1, 
                    1, 
                    1, 
                    0, 
                    0, 
                    0, 
                    0, 
                    0, 
                    0, 
                    0, 
                    1, 
                    0, 
                    0, 
                    0, 
                    0, 
                    0, 
                    0, 
                    0, 
                    0
                ], 
                [
                    1, 
                    0, 
                    1, 
                    1, 
                    1, 
                    1, 
                    1, 
                    1, 
                    0, 
                    1, 
                    0, 
                    0, 
                    0, 
                    0, 
                    0, 
                    0, 
                    0, 
                    0, 
                    0, 
                    0, 
                    0, 
                    0, 
                    0, 
                    0, 
                    0, 
                    0
                ], 
                [
                    1, 
                    0, 
                    1, 
                    1, 
                    1, 
                    1, 
                    1, 
                    1, 
                    0, 
                    1, 
                    0, 
                    0, 
                    0, 
                    0, 
                    0, 
                    1, 
                    0, 
                    0, 
                    0, 
                    0, 
                    0, 
                    0, 
                    0, 
                    0, 
                    0, 
                    0
                ], 
                [
                    2, 
                    0, 
                    0, 
                    1, 
                    1, 
                    1, 
                    1, 
                    0, 
                    0, 
                    1, 
                    0, 
                    0, 
                    0, 
                    0, 
                    0, 
                    0, 
                    0, 
                    0, 
                    0, 
                    0, 
                    0, 
                    0, 
                    0, 
                    0, 
                    0, 
                    0
                ], 
                [
                    2, 
                    0, 
                    0, 
                    1, 
                    1, 
                    1, 
                    1, 
                    0, 
                    0, 
                    1, 
                    0, 
                    0, 
                    0, 
                    0, 
                    0, 
                    0, 
                    0, 
                    0, 
                    0, 
                    0, 
                    0, 
                    0, 
                    0, 
                    0, 
                    0, 
                    1
                ], 
                [
                    3, 
                    1, 
                    0, 
                    1, 
                    1, 
                    1, 
                    1, 
                    0, 
                    0, 
                    1, 
                    0, 
                    0, 
                    0, 
                    0, 
                    0, 
                    0, 
                    0, 
                    0, 
                    0, 
                    0, 
                    0, 
                    0, 
                    0, 
                    0, 
                    0, 
                    0
                ]
            ], 
            "start_time": 1516148118.661475, 
            "success": true
        }, 
        {
            "action_seq": [
                {
                    "end_time": 1516148135.025883, 
                    "name": "push_l0", 
                    "py/object": "logger.ActionLog", 
                    "start_time": 1516148133.357783
                }, 
                {
                    "end_time": 1516148138.393799, 
                    "name": "push_inactive2", 
                    "py/object": "logger.ActionLog", 
                    "start_time": 1516148135.359218
                }, 
                {
                    "end_time": 1516148141.916595, 
                    "name": "push_l1", 
                    "py/object": "logger.ActionLog", 
                    "start_time": 1516148140.446765
                }
            ], 
            "attempt_num": 3, 
            "cur_action": null, 
            "end_time": 1516148141.916653, 
            "py/object": "logger.AttemptLog", 
            "results": [
                [
                    "frame", 
                    "door", 
                    "door_lock", 
                    "inactive0", 
                    "inactive1", 
                    "inactive2", 
                    "inactive3", 
                    "l2", 
                    "l0", 
                    "l1", 
                    "agent", 
                    "push_inactive0", 
                    "push_inactive1", 
                    "push_l1", 
                    "push_inactive2", 
                    "push_l2", 
                    "push_inactive3", 
                    "push_l0", 
                    "pull_inactive0", 
                    "pull_inactive1", 
                    "pull_l1", 
                    "pull_inactive2", 
                    "pull_l2", 
                    "pull_inactive3", 
                    "pull_l0", 
                    "push_door"
                ], 
                [
                    0, 
                    0, 
                    1, 
                    1, 
                    1, 
                    1, 
                    1, 
                    1, 
                    1, 
                    1, 
                    0, 
                    0, 
                    0, 
                    0, 
                    0, 
                    0, 
                    0, 
                    0, 
                    0, 
                    0, 
                    0, 
                    0, 
                    0, 
                    0, 
                    0, 
                    0
                ], 
                [
                    0, 
                    0, 
                    1, 
                    1, 
                    1, 
                    1, 
                    1, 
                    1, 
                    1, 
                    1, 
                    0, 
                    0, 
                    0, 
                    0, 
                    0, 
                    0, 
                    0, 
                    1, 
                    0, 
                    0, 
                    0, 
                    0, 
                    0, 
                    0, 
                    0, 
                    0
                ], 
                [
                    1, 
                    0, 
                    1, 
                    1, 
                    1, 
                    1, 
                    1, 
                    1, 
                    0, 
                    1, 
                    0, 
                    0, 
                    0, 
                    0, 
                    0, 
                    0, 
                    0, 
                    0, 
                    0, 
                    0, 
                    0, 
                    0, 
                    0, 
                    0, 
                    0, 
                    0
                ], 
                [
                    1, 
                    0, 
                    1, 
                    1, 
                    1, 
                    1, 
                    1, 
                    1, 
                    0, 
                    1, 
                    0, 
                    0, 
                    0, 
                    0, 
                    1, 
                    0, 
                    0, 
                    0, 
                    0, 
                    0, 
                    0, 
                    0, 
                    0, 
                    0, 
                    0, 
                    0
                ], 
                [
                    2, 
                    0, 
                    1, 
                    1, 
                    1, 
                    1, 
                    1, 
                    1, 
                    0, 
                    1, 
                    0, 
                    0, 
                    0, 
                    0, 
                    0, 
                    0, 
                    0, 
                    0, 
                    0, 
                    0, 
                    0, 
                    0, 
                    0, 
                    0, 
                    0, 
                    0
                ], 
                [
                    2, 
                    0, 
                    1, 
                    1, 
                    1, 
                    1, 
                    1, 
                    1, 
                    0, 
                    1, 
                    0, 
                    0, 
                    0, 
                    1, 
                    0, 
                    0, 
                    0, 
                    0, 
                    0, 
                    0, 
                    0, 
                    0, 
                    0, 
                    0, 
                    0, 
                    0
                ], 
                [
                    3, 
                    0, 
                    0, 
                    1, 
                    1, 
                    1, 
                    1, 
                    1, 
                    0, 
                    0, 
                    0, 
                    0, 
                    0, 
                    0, 
                    0, 
                    0, 
                    0, 
                    0, 
                    0, 
                    0, 
                    0, 
                    0, 
                    0, 
                    0, 
                    0, 
                    0
                ]
            ], 
            "start_time": 1516148131.48824, 
            "success": false
        }, 
        {
            "action_seq": [
                {
                    "end_time": 1516148148.470115, 
                    "name": "push_l0", 
                    "py/object": "logger.ActionLog", 
                    "start_time": 1516148146.801617
                }, 
                {
                    "end_time": 1516148151.941038, 
                    "name": "push_l1", 
                    "py/object": "logger.ActionLog", 
                    "start_time": 1516148148.552551
                }, 
                {
                    "end_time": 1516148156.425154, 
                    "name": "push_door", 
                    "py/object": "logger.ActionLog", 
                    "start_time": 1516148152.90584
                }
            ], 
            "attempt_num": 4, 
            "cur_action": null, 
            "end_time": 1516148156.425229, 
            "py/object": "logger.AttemptLog", 
            "results": [
                [
                    "frame", 
                    "door", 
                    "door_lock", 
                    "inactive0", 
                    "inactive1", 
                    "inactive2", 
                    "inactive3", 
                    "l2", 
                    "l0", 
                    "l1", 
                    "agent", 
                    "push_inactive0", 
                    "push_inactive1", 
                    "push_l1", 
                    "push_inactive2", 
                    "push_l2", 
                    "push_inactive3", 
                    "push_l0", 
                    "pull_inactive0", 
                    "pull_inactive1", 
                    "pull_l1", 
                    "pull_inactive2", 
                    "pull_l2", 
                    "pull_inactive3", 
                    "pull_l0", 
                    "push_door"
                ], 
                [
                    0, 
                    0, 
                    1, 
                    1, 
                    1, 
                    1, 
                    1, 
                    1, 
                    1, 
                    1, 
                    0, 
                    0, 
                    0, 
                    0, 
                    0, 
                    0, 
                    0, 
                    0, 
                    0, 
                    0, 
                    0, 
                    0, 
                    0, 
                    0, 
                    0, 
                    0
                ], 
                [
                    0, 
                    0, 
                    1, 
                    1, 
                    1, 
                    1, 
                    1, 
                    1, 
                    1, 
                    1, 
                    0, 
                    0, 
                    0, 
                    0, 
                    0, 
                    0, 
                    0, 
                    1, 
                    0, 
                    0, 
                    0, 
                    0, 
                    0, 
                    0, 
                    0, 
                    0
                ], 
                [
                    1, 
                    0, 
                    1, 
                    1, 
                    1, 
                    1, 
                    1, 
                    1, 
                    0, 
                    1, 
                    0, 
                    0, 
                    0, 
                    0, 
                    0, 
                    0, 
                    0, 
                    0, 
                    0, 
                    0, 
                    0, 
                    0, 
                    0, 
                    0, 
                    0, 
                    0
                ], 
                [
                    1, 
                    0, 
                    1, 
                    1, 
                    1, 
                    1, 
                    1, 
                    1, 
                    0, 
                    1, 
                    0, 
                    0, 
                    0, 
                    1, 
                    0, 
                    0, 
                    0, 
                    0, 
                    0, 
                    0, 
                    0, 
                    0, 
                    0, 
                    0, 
                    0, 
                    0
                ], 
                [
                    2, 
                    0, 
                    0, 
                    1, 
                    1, 
                    1, 
                    1, 
                    1, 
                    0, 
                    0, 
                    0, 
                    0, 
                    0, 
                    0, 
                    0, 
                    0, 
                    0, 
                    0, 
                    0, 
                    0, 
                    0, 
                    0, 
                    0, 
                    0, 
                    0, 
                    0
                ], 
                [
                    2, 
                    0, 
                    0, 
                    1, 
                    1, 
                    1, 
                    1, 
                    1, 
                    0, 
                    0, 
                    0, 
                    0, 
                    0, 
                    0, 
                    0, 
                    0, 
                    0, 
                    0, 
                    0, 
                    0, 
                    0, 
                    0, 
                    0, 
                    0, 
                    0, 
                    1
                ], 
                [
                    3, 
                    1, 
                    0, 
                    1, 
                    1, 
                    1, 
                    1, 
                    1, 
                    0, 
                    0, 
                    0, 
                    0, 
                    0, 
                    0, 
                    0, 
                    0, 
                    0, 
                    0, 
                    0, 
                    0, 
                    0, 
                    0, 
                    0, 
                    0, 
                    0, 
                    0
                ]
            ], 
            "start_time": 1516148145.949484, 
            "success": true
        }
    ], 
    "completed_solutions": [
        [
            {
                "end_time": 1516148121.966135, 
                "name": "push_l0", 
                "py/object": "logger.ActionLog", 
                "start_time": 1516148120.297617
            }, 
            {
                "end_time": 1516148124.452869, 
                "name": "push_l2", 
                "py/object": "logger.ActionLog", 
                "start_time": 1516148122.199193
            }, 
            {
                "end_time": 1516148127.45537, 
                "name": "push_door", 
                "py/object": "logger.ActionLog", 
                "start_time": 1516148124.534132
            }
        ], 
        [
            {
                "end_time": 1516148148.470115, 
                "name": "push_l0", 
                "py/object": "logger.ActionLog", 
                "start_time": 1516148146.801617
            }, 
            {
                "end_time": 1516148151.941038, 
                "name": "push_l1", 
                "py/object": "logger.ActionLog", 
                "start_time": 1516148148.552551
            }, 
            {
                "end_time": 1516148156.425154, 
                "name": "push_door", 
                "py/object": "logger.ActionLog", 
                "start_time": 1516148152.90584
            }
        ]
    ], 
    "cur_attempt": null, 
    "end_time": 1516148160.444191, 
    "name": "trial3", 
    "num_solutions_remaining": 0, 
    "py/object": "logger.TrialLog", 
    "scenario_name": "CC3", 
    "solution_found": [
        false, 
        false, 
        true, 
        false, 
        true
    ], 
    "solutions": [
        [
            {
                "name": "push_l0", 
                "py/object": "logger.ActionLog", 
                "start_time": null
            }, 
            {
                "name": "push_l1", 
                "py/object": "logger.ActionLog", 
                "start_time": null
            }, 
            {
                "name": "push_door", 
                "py/object": "logger.ActionLog", 
                "start_time": null
            }
        ], 
        [
            {
                "name": "push_l0", 
                "py/object": "logger.ActionLog", 
                "start_time": null
            }, 
            {
                "name": "push_l2", 
                "py/object": "logger.ActionLog", 
                "start_time": null
            }, 
            {
                "name": "push_door", 
                "py/object": "logger.ActionLog", 
                "start_time": null
            }
        ]
    ], 
    "start_time": 1516148086.95331, 
    "success": true
}