{
    "attempt_seq": [
        {
            "action_seq": [
                {
                    "end_time": 1516220869.003574, 
                    "name": "push_l3", 
                    "py/object": "logger.ActionLog", 
                    "start_time": 1516220864.40064
                }, 
                {
                    "end_time": 1516220871.734119, 
                    "name": "push_l2", 
                    "py/object": "logger.ActionLog", 
                    "start_time": 1516220870.034537
                }, 
                {
                    "end_time": 1516220874.720053, 
                    "name": "push_l1", 
                    "py/object": "logger.ActionLog", 
                    "start_time": 1516220872.450949
                }
            ], 
            "attempt_num": 0, 
            "cur_action": null, 
            "end_time": 1516220874.72015, 
            "py/object": "logger.AttemptLog", 
            "results": [
                [
                    "frame", 
                    "door", 
                    "door_lock", 
                    "inactive0", 
                    "inactive1", 
                    "inactive2", 
                    "l2", 
                    "l3", 
                    "l0", 
                    "l1", 
                    "agent", 
                    "push_l0", 
                    "push_l1", 
                    "push_l2", 
                    "push_l3", 
                    "push_inactive0", 
                    "push_inactive1", 
                    "push_inactive2", 
                    "pull_l0", 
                    "pull_l1", 
                    "pull_l2", 
                    "pull_l3", 
                    "pull_inactive0", 
                    "pull_inactive1", 
                    "pull_inactive2", 
                    "push_door"
                ], 
                [
                    0, 
                    0, 
                    1, 
                    1, 
                    1, 
                    1, 
                    1, 
                    1, 
                    1, 
                    1, 
                    0, 
                    0, 
                    0, 
                    0, 
                    0, 
                    0, 
                    0, 
                    0, 
                    0, 
                    0, 
                    0, 
                    0, 
                    0, 
                    0, 
                    0, 
                    0
                ], 
                [
                    0, 
                    0, 
                    1, 
                    1, 
                    1, 
                    1, 
                    1, 
                    1, 
                    1, 
                    1, 
                    0, 
                    0, 
                    0, 
                    0, 
                    1, 
                    0, 
                    0, 
                    0, 
                    0, 
                    0, 
                    0, 
                    0, 
                    0, 
                    0, 
                    0, 
                    0
                ], 
                [
                    1, 
                    0, 
                    1, 
                    1, 
                    1, 
                    1, 
                    1, 
                    1, 
                    1, 
                    1, 
                    0, 
                    0, 
                    0, 
                    0, 
                    0, 
                    0, 
                    0, 
                    0, 
                    0, 
                    0, 
                    0, 
                    0, 
                    0, 
                    0, 
                    0, 
                    0
                ], 
                [
                    1, 
                    0, 
                    1, 
                    1, 
                    1, 
                    1, 
                    1, 
                    1, 
                    1, 
                    1, 
                    0, 
                    0, 
                    0, 
                    1, 
                    0, 
                    0, 
                    0, 
                    0, 
                    0, 
                    0, 
                    0, 
                    0, 
                    0, 
                    0, 
                    0, 
                    0
                ], 
                [
                    2, 
                    0, 
                    1, 
                    1, 
                    1, 
                    1, 
                    1, 
                    1, 
                    1, 
                    1, 
                    0, 
                    0, 
                    0, 
                    0, 
                    0, 
                    0, 
                    0, 
                    0, 
                    0, 
                    0, 
                    0, 
                    0, 
                    0, 
                    0, 
                    0, 
                    0
                ], 
                [
                    2, 
                    0, 
                    1, 
                    1, 
                    1, 
                    1, 
                    1, 
                    1, 
                    1, 
                    1, 
                    0, 
                    0, 
                    1, 
                    0, 
                    0, 
                    0, 
                    0, 
                    0, 
                    0, 
                    0, 
                    0, 
                    0, 
                    0, 
                    0, 
                    0, 
                    0
                ], 
                [
                    3, 
                    0, 
                    1, 
                    1, 
                    1, 
                    1, 
                    1, 
                    1, 
                    1, 
                    1, 
                    0, 
                    0, 
                    0, 
                    0, 
                    0, 
                    0, 
                    0, 
                    0, 
                    0, 
                    0, 
                    0, 
                    0, 
                    0, 
                    0, 
                    0, 
                    0
                ]
            ], 
            "start_time": 1516220859.348177, 
            "success": false
        }, 
        {
            "action_seq": [
                {
                    "end_time": 1516220878.221838, 
                    "name": "push_l0", 
                    "py/object": "logger.ActionLog", 
                    "start_time": 1516220874.984991
                }, 
                {
                    "end_time": 1516220881.545161, 
                    "name": "push_l1", 
                    "py/object": "logger.ActionLog", 
                    "start_time": 1516220878.99999
                }, 
                {
                    "end_time": 1516220886.120924, 
                    "name": "push_door", 
                    "py/object": "logger.ActionLog", 
                    "start_time": 1516220882.384197
                }
            ], 
            "attempt_num": 1, 
            "cur_action": null, 
            "end_time": 1516220886.121024, 
            "py/object": "logger.AttemptLog", 
            "results": [
                [
                    "frame", 
                    "door", 
                    "door_lock", 
                    "inactive0", 
                    "inactive1", 
                    "inactive2", 
                    "l2", 
                    "l3", 
                    "l0", 
                    "l1", 
                    "agent", 
                    "push_l0", 
                    "push_l1", 
                    "push_l2", 
                    "push_l3", 
                    "push_inactive0", 
                    "push_inactive1", 
                    "push_inactive2", 
                    "pull_l0", 
                    "pull_l1", 
                    "pull_l2", 
                    "pull_l3", 
                    "pull_inactive0", 
                    "pull_inactive1", 
                    "pull_inactive2", 
                    "push_door"
                ], 
                [
                    0, 
                    0, 
                    1, 
                    1, 
                    1, 
                    1, 
                    1, 
                    1, 
                    1, 
                    1, 
                    0, 
                    0, 
                    0, 
                    0, 
                    0, 
                    0, 
                    0, 
                    0, 
                    0, 
                    0, 
                    0, 
                    0, 
                    0, 
                    0, 
                    0, 
                    0
                ], 
                [
                    0, 
                    0, 
                    1, 
                    1, 
                    1, 
                    1, 
                    1, 
                    1, 
                    1, 
                    1, 
                    0, 
                    1, 
                    0, 
                    0, 
                    0, 
                    0, 
                    0, 
                    0, 
                    0, 
                    0, 
                    0, 
                    0, 
                    0, 
                    0, 
                    0, 
                    0
                ], 
                [
                    1, 
                    0, 
                    1, 
                    1, 
                    1, 
                    1, 
                    1, 
                    1, 
                    0, 
                    1, 
                    0, 
                    0, 
                    0, 
                    0, 
                    0, 
                    0, 
                    0, 
                    0, 
                    0, 
                    0, 
                    0, 
                    0, 
                    0, 
                    0, 
                    0, 
                    0
                ], 
                [
                    1, 
                    0, 
                    1, 
                    1, 
                    1, 
                    1, 
                    1, 
                    1, 
                    0, 
                    1, 
                    0, 
                    0, 
                    1, 
                    0, 
                    0, 
                    0, 
                    0, 
                    0, 
                    0, 
                    0, 
                    0, 
                    0, 
                    0, 
                    0, 
                    0, 
                    0
                ], 
                [
                    2, 
                    0, 
                    0, 
                    1, 
                    1, 
                    1, 
                    1, 
                    1, 
                    0, 
                    0, 
                    0, 
                    0, 
                    0, 
                    0, 
                    0, 
                    0, 
                    0, 
                    0, 
                    0, 
                    0, 
                    0, 
                    0, 
                    0, 
                    0, 
                    0, 
                    0
                ], 
                [
                    2, 
                    0, 
                    0, 
                    1, 
                    1, 
                    1, 
                    1, 
                    1, 
                    0, 
                    0, 
                    0, 
                    0, 
                    0, 
                    0, 
                    0, 
                    0, 
                    0, 
                    0, 
                    0, 
                    0, 
                    0, 
                    0, 
                    0, 
                    0, 
                    0, 
                    1
                ], 
                [
                    3, 
                    1, 
                    0, 
                    1, 
                    1, 
                    1, 
                    1, 
                    1, 
                    0, 
                    0, 
                    0, 
                    0, 
                    0, 
                    0, 
                    0, 
                    0, 
                    0, 
                    0, 
                    0, 
                    0, 
                    0, 
                    0, 
                    0, 
                    0, 
                    0, 
                    0
                ]
            ], 
            "start_time": 1516220874.747204, 
            "success": true
        }, 
        {
            "action_seq": [
                {
                    "end_time": 1516220894.472945, 
                    "name": "push_l0", 
                    "py/object": "logger.ActionLog", 
                    "start_time": 1516220891.200682
                }, 
                {
                    "end_time": 1516220898.93795, 
                    "name": "push_l2", 
                    "py/object": "logger.ActionLog", 
                    "start_time": 1516220895.019074
                }, 
                {
                    "end_time": 1516220904.698741, 
                    "name": "push_door", 
                    "py/object": "logger.ActionLog", 
                    "start_time": 1516220899.76711
                }
            ], 
            "attempt_num": 2, 
            "cur_action": null, 
            "end_time": 1516220904.69885, 
            "py/object": "logger.AttemptLog", 
            "results": [
                [
                    "frame", 
                    "door", 
                    "door_lock", 
                    "inactive0", 
                    "inactive1", 
                    "inactive2", 
                    "l2", 
                    "l3", 
                    "l0", 
                    "l1", 
                    "agent", 
                    "push_l0", 
                    "push_l1", 
                    "push_l2", 
                    "push_l3", 
                    "push_inactive0", 
                    "push_inactive1", 
                    "push_inactive2", 
                    "pull_l0", 
                    "pull_l1", 
                    "pull_l2", 
                    "pull_l3", 
                    "pull_inactive0", 
                    "pull_inactive1", 
                    "pull_inactive2", 
                    "push_door"
                ], 
                [
                    0, 
                    0, 
                    1, 
                    1, 
                    1, 
                    1, 
                    1, 
                    1, 
                    1, 
                    1, 
                    0, 
                    0, 
                    0, 
                    0, 
                    0, 
                    0, 
                    0, 
                    0, 
                    0, 
                    0, 
                    0, 
                    0, 
                    0, 
                    0, 
                    0, 
                    0
                ], 
                [
                    0, 
                    0, 
                    1, 
                    1, 
                    1, 
                    1, 
                    1, 
                    1, 
                    1, 
                    1, 
                    0, 
                    1, 
                    0, 
                    0, 
                    0, 
                    0, 
                    0, 
                    0, 
                    0, 
                    0, 
                    0, 
                    0, 
                    0, 
                    0, 
                    0, 
                    0
                ], 
                [
                    1, 
                    0, 
                    1, 
                    1, 
                    1, 
                    1, 
                    1, 
                    1, 
                    0, 
                    1, 
                    0, 
                    0, 
                    0, 
                    0, 
                    0, 
                    0, 
                    0, 
                    0, 
                    0, 
                    0, 
                    0, 
                    0, 
                    0, 
                    0, 
                    0, 
                    0
                ], 
                [
                    1, 
                    0, 
                    1, 
                    1, 
                    1, 
                    1, 
                    1, 
                    1, 
                    0, 
                    1, 
                    0, 
                    0, 
                    0, 
                    1, 
                    0, 
                    0, 
                    0, 
                    0, 
                    0, 
                    0, 
                    0, 
                    0, 
                    0, 
                    0, 
                    0, 
                    0
                ], 
                [
                    2, 
                    0, 
                    0, 
                    1, 
                    1, 
                    1, 
                    0, 
                    1, 
                    0, 
                    1, 
                    0, 
                    0, 
                    0, 
                    0, 
                    0, 
                    0, 
                    0, 
                    0, 
                    0, 
                    0, 
                    0, 
                    0, 
                    0, 
                    0, 
                    0, 
                    0
                ], 
                [
                    2, 
                    0, 
                    0, 
                    1, 
                    1, 
                    1, 
                    0, 
                    1, 
                    0, 
                    1, 
                    0, 
                    0, 
                    0, 
                    0, 
                    0, 
                    0, 
                    0, 
                    0, 
                    0, 
                    0, 
                    0, 
                    0, 
                    0, 
                    0, 
                    0, 
                    1
                ], 
                [
                    3, 
                    1, 
                    0, 
                    1, 
                    1, 
                    1, 
                    0, 
                    1, 
                    0, 
                    1, 
                    0, 
                    0, 
                    0, 
                    0, 
                    0, 
                    0, 
                    0, 
                    0, 
                    0, 
                    0, 
                    0, 
                    0, 
                    0, 
                    0, 
                    0, 
                    0
                ]
            ], 
            "start_time": 1516220890.14826, 
            "success": true
        }, 
        {
            "action_seq": [
                {
                    "end_time": 1516220913.303467, 
                    "name": "push_l0", 
                    "py/object": "logger.ActionLog", 
                    "start_time": 1516220910.067567
                }, 
                {
                    "end_time": 1516220919.725686, 
                    "name": "push_l3", 
                    "py/object": "logger.ActionLog", 
                    "start_time": 1516220913.884304
                }, 
                {
                    "end_time": 1516220926.789487, 
                    "name": "push_door", 
                    "py/object": "logger.ActionLog", 
                    "start_time": 1516220920.700437
                }
            ], 
            "attempt_num": 3, 
            "cur_action": null, 
            "end_time": 1516220926.789593, 
            "py/object": "logger.AttemptLog", 
            "results": [
                [
                    "frame", 
                    "door", 
                    "door_lock", 
                    "inactive0", 
                    "inactive1", 
                    "inactive2", 
                    "l2", 
                    "l3", 
                    "l0", 
                    "l1", 
                    "agent", 
                    "push_l0", 
                    "push_l1", 
                    "push_l2", 
                    "push_l3", 
                    "push_inactive0", 
                    "push_inactive1", 
                    "push_inactive2", 
                    "pull_l0", 
                    "pull_l1", 
                    "pull_l2", 
                    "pull_l3", 
                    "pull_inactive0", 
                    "pull_inactive1", 
                    "pull_inactive2", 
                    "push_door"
                ], 
                [
                    0, 
                    0, 
                    1, 
                    1, 
                    1, 
                    1, 
                    1, 
                    1, 
                    1, 
                    1, 
                    0, 
                    0, 
                    0, 
                    0, 
                    0, 
                    0, 
                    0, 
                    0, 
                    0, 
                    0, 
                    0, 
                    0, 
                    0, 
                    0, 
                    0, 
                    0
                ], 
                [
                    0, 
                    0, 
                    1, 
                    1, 
                    1, 
                    1, 
                    1, 
                    1, 
                    1, 
                    1, 
                    0, 
                    1, 
                    0, 
                    0, 
                    0, 
                    0, 
                    0, 
                    0, 
                    0, 
                    0, 
                    0, 
                    0, 
                    0, 
                    0, 
                    0, 
                    0
                ], 
                [
                    1, 
                    0, 
                    1, 
                    1, 
                    1, 
                    1, 
                    1, 
                    1, 
                    0, 
                    1, 
                    0, 
                    0, 
                    0, 
                    0, 
                    0, 
                    0, 
                    0, 
                    0, 
                    0, 
                    0, 
                    0, 
                    0, 
                    0, 
                    0, 
                    0, 
                    0
                ], 
                [
                    1, 
                    0, 
                    1, 
                    1, 
                    1, 
                    1, 
                    1, 
                    1, 
                    0, 
                    1, 
                    0, 
                    0, 
                    0, 
                    0, 
                    1, 
                    0, 
                    0, 
                    0, 
                    0, 
                    0, 
                    0, 
                    0, 
                    0, 
                    0, 
                    0, 
                    0
                ], 
                [
                    2, 
                    0, 
                    0, 
                    1, 
                    1, 
                    1, 
                    1, 
                    0, 
                    0, 
                    1, 
                    0, 
                    0, 
                    0, 
                    0, 
                    0, 
                    0, 
                    0, 
                    0, 
                    0, 
                    0, 
                    0, 
                    0, 
                    0, 
                    0, 
                    0, 
                    0
                ], 
                [
                    2, 
                    0, 
                    0, 
                    1, 
                    1, 
                    1, 
                    1, 
                    0, 
                    0, 
                    1, 
                    0, 
                    0, 
                    0, 
                    0, 
                    0, 
                    0, 
                    0, 
                    0, 
                    0, 
                    0, 
                    0, 
                    0, 
                    0, 
                    0, 
                    0, 
                    1
                ], 
                [
                    3, 
                    1, 
                    0, 
                    1, 
                    1, 
                    1, 
                    1, 
                    0, 
                    0, 
                    1, 
                    0, 
                    0, 
                    0, 
                    0, 
                    0, 
                    0, 
                    0, 
                    0, 
                    0, 
                    0, 
                    0, 
                    0, 
                    0, 
                    0, 
                    0, 
                    0
                ]
            ], 
            "start_time": 1516220908.747071, 
            "success": true
        }
    ], 
    "completed_solutions": [
        [
            {
                "end_time": 1516220878.221838, 
                "name": "push_l0", 
                "py/object": "logger.ActionLog", 
                "start_time": 1516220874.984991
            }, 
            {
                "end_time": 1516220881.545161, 
                "name": "push_l1", 
                "py/object": "logger.ActionLog", 
                "start_time": 1516220878.99999
            }, 
            {
                "end_time": 1516220886.120924, 
                "name": "push_door", 
                "py/object": "logger.ActionLog", 
                "start_time": 1516220882.384197
            }
        ], 
        [
            {
                "end_time": 1516220894.472945, 
                "name": "push_l0", 
                "py/object": "logger.ActionLog", 
                "start_time": 1516220891.200682
            }, 
            {
                "end_time": 1516220898.93795, 
                "name": "push_l2", 
                "py/object": "logger.ActionLog", 
                "start_time": 1516220895.019074
            }, 
            {
                "end_time": 1516220904.698741, 
                "name": "push_door", 
                "py/object": "logger.ActionLog", 
                "start_time": 1516220899.76711
            }
        ], 
        [
            {
                "end_time": 1516220913.303467, 
                "name": "push_l0", 
                "py/object": "logger.ActionLog", 
                "start_time": 1516220910.067567
            }, 
            {
                "end_time": 1516220919.725686, 
                "name": "push_l3", 
                "py/object": "logger.ActionLog", 
                "start_time": 1516220913.884304
            }, 
            {
                "end_time": 1516220926.789487, 
                "name": "push_door", 
                "py/object": "logger.ActionLog", 
                "start_time": 1516220920.700437
            }
        ]
    ], 
    "cur_attempt": null, 
    "end_time": 1516220930.814633, 
    "name": "trial8", 
    "num_solutions_remaining": 0, 
    "py/object": "logger.TrialLog", 
    "scenario_name": "CC4", 
    "solution_found": [
        false, 
        true, 
        true, 
        true
    ], 
    "solutions": [
        [
            {
                "name": "push_l0", 
                "py/object": "logger.ActionLog", 
                "start_time": null
            }, 
            {
                "name": "push_l1", 
                "py/object": "logger.ActionLog", 
                "start_time": null
            }, 
            {
                "name": "push_door", 
                "py/object": "logger.ActionLog", 
                "start_time": null
            }
        ], 
        [
            {
                "name": "push_l0", 
                "py/object": "logger.ActionLog", 
                "start_time": null
            }, 
            {
                "name": "push_l2", 
                "py/object": "logger.ActionLog", 
                "start_time": null
            }, 
            {
                "name": "push_door", 
                "py/object": "logger.ActionLog", 
                "start_time": null
            }
        ], 
        [
            {
                "name": "push_l0", 
                "py/object": "logger.ActionLog", 
                "start_time": null
            }, 
            {
                "name": "push_l3", 
                "py/object": "logger.ActionLog", 
                "start_time": null
            }, 
            {
                "name": "push_door", 
                "py/object": "logger.ActionLog", 
                "start_time": null
            }
        ]
    ], 
    "start_time": 1516220859.348168, 
    "success": true
}