{
    "attempt_seq": [
        {
            "action_seq": [
                {
                    "end_time": 1516749133.596023, 
                    "name": "push_l0", 
                    "py/object": "logger.ActionLog", 
                    "start_time": 1516749131.510553
                }, 
                {
                    "end_time": 1516749137.216087, 
                    "name": "push_l2", 
                    "py/object": "logger.ActionLog", 
                    "start_time": 1516749135.078479
                }, 
                {
                    "end_time": 1516749140.639263, 
                    "name": "push_door", 
                    "py/object": "logger.ActionLog", 
                    "start_time": 1516749139.415569
                }
            ], 
            "attempt_num": 0, 
            "cur_action": null, 
            "end_time": 1516749140.639338, 
            "py/object": "logger.AttemptLog", 
            "results": [
                [
                    "frame", 
                    "door", 
                    "door_lock", 
                    "inactive0", 
                    "inactive1", 
                    "inactive2", 
                    "l2", 
                    "l3", 
                    "l0", 
                    "l1", 
                    "agent", 
                    "push_l1", 
                    "push_inactive0", 
                    "push_l3", 
                    "push_inactive1", 
                    "push_l0", 
                    "push_inactive2", 
                    "push_l2", 
                    "pull_l1", 
                    "pull_inactive0", 
                    "pull_l3", 
                    "pull_inactive1", 
                    "pull_l0", 
                    "pull_inactive2", 
                    "pull_l2", 
                    "push_door"
                ], 
                [
                    0, 
                    0, 
                    1, 
                    1, 
                    1, 
                    1, 
                    1, 
                    1, 
                    1, 
                    1, 
                    0, 
                    0, 
                    0, 
                    0, 
                    0, 
                    0, 
                    0, 
                    0, 
                    0, 
                    0, 
                    0, 
                    0, 
                    0, 
                    0, 
                    0, 
                    0
                ], 
                [
                    0, 
                    0, 
                    1, 
                    1, 
                    1, 
                    1, 
                    1, 
                    1, 
                    1, 
                    1, 
                    0, 
                    0, 
                    0, 
                    0, 
                    0, 
                    1, 
                    0, 
                    0, 
                    0, 
                    0, 
                    0, 
                    0, 
                    0, 
                    0, 
                    0, 
                    0
                ], 
                [
                    1, 
                    0, 
                    1, 
                    1, 
                    1, 
                    1, 
                    1, 
                    1, 
                    0, 
                    1, 
                    0, 
                    0, 
                    0, 
                    0, 
                    0, 
                    0, 
                    0, 
                    0, 
                    0, 
                    0, 
                    0, 
                    0, 
                    0, 
                    0, 
                    0, 
                    0
                ], 
                [
                    1, 
                    0, 
                    1, 
                    1, 
                    1, 
                    1, 
                    1, 
                    1, 
                    0, 
                    1, 
                    0, 
                    0, 
                    0, 
                    0, 
                    0, 
                    0, 
                    0, 
                    1, 
                    0, 
                    0, 
                    0, 
                    0, 
                    0, 
                    0, 
                    0, 
                    0
                ], 
                [
                    2, 
                    0, 
                    0, 
                    1, 
                    1, 
                    1, 
                    0, 
                    1, 
                    0, 
                    1, 
                    0, 
                    0, 
                    0, 
                    0, 
                    0, 
                    0, 
                    0, 
                    0, 
                    0, 
                    0, 
                    0, 
                    0, 
                    0, 
                    0, 
                    0, 
                    0
                ], 
                [
                    2, 
                    0, 
                    0, 
                    1, 
                    1, 
                    1, 
                    0, 
                    1, 
                    0, 
                    1, 
                    0, 
                    0, 
                    0, 
                    0, 
                    0, 
                    0, 
                    0, 
                    0, 
                    0, 
                    0, 
                    0, 
                    0, 
                    0, 
                    0, 
                    0, 
                    1
                ], 
                [
                    3, 
                    1, 
                    0, 
                    1, 
                    1, 
                    1, 
                    0, 
                    1, 
                    0, 
                    1, 
                    0, 
                    0, 
                    0, 
                    0, 
                    0, 
                    0, 
                    0, 
                    0, 
                    0, 
                    0, 
                    0, 
                    0, 
                    0, 
                    0, 
                    0, 
                    0
                ]
            ], 
            "start_time": 1516749128.555356, 
            "success": true
        }, 
        {
            "action_seq": [
                {
                    "end_time": 1516749147.805484, 
                    "name": "push_l1", 
                    "py/object": "logger.ActionLog", 
                    "start_time": 1516749146.35433
                }, 
                {
                    "end_time": 1516749150.640036, 
                    "name": "push_l3", 
                    "py/object": "logger.ActionLog", 
                    "start_time": 1516749148.689509
                }, 
                {
                    "end_time": 1516749154.178768, 
                    "name": "push_l0", 
                    "py/object": "logger.ActionLog", 
                    "start_time": 1516749151.741853
                }
            ], 
            "attempt_num": 1, 
            "cur_action": null, 
            "end_time": 1516749154.178815, 
            "py/object": "logger.AttemptLog", 
            "results": [
                [
                    "frame", 
                    "door", 
                    "door_lock", 
                    "inactive0", 
                    "inactive1", 
                    "inactive2", 
                    "l2", 
                    "l3", 
                    "l0", 
                    "l1", 
                    "agent", 
                    "push_l1", 
                    "push_inactive0", 
                    "push_l3", 
                    "push_inactive1", 
                    "push_l0", 
                    "push_inactive2", 
                    "push_l2", 
                    "pull_l1", 
                    "pull_inactive0", 
                    "pull_l3", 
                    "pull_inactive1", 
                    "pull_l0", 
                    "pull_inactive2", 
                    "pull_l2", 
                    "push_door"
                ], 
                [
                    0, 
                    0, 
                    1, 
                    1, 
                    1, 
                    1, 
                    1, 
                    1, 
                    1, 
                    1, 
                    0, 
                    0, 
                    0, 
                    0, 
                    0, 
                    0, 
                    0, 
                    0, 
                    0, 
                    0, 
                    0, 
                    0, 
                    0, 
                    0, 
                    0, 
                    0
                ], 
                [
                    0, 
                    0, 
                    1, 
                    1, 
                    1, 
                    1, 
                    1, 
                    1, 
                    1, 
                    1, 
                    0, 
                    1, 
                    0, 
                    0, 
                    0, 
                    0, 
                    0, 
                    0, 
                    0, 
                    0, 
                    0, 
                    0, 
                    0, 
                    0, 
                    0, 
                    0
                ], 
                [
                    1, 
                    0, 
                    1, 
                    1, 
                    1, 
                    1, 
                    1, 
                    1, 
                    1, 
                    1, 
                    0, 
                    0, 
                    0, 
                    0, 
                    0, 
                    0, 
                    0, 
                    0, 
                    0, 
                    0, 
                    0, 
                    0, 
                    0, 
                    0, 
                    0, 
                    0
                ], 
                [
                    1, 
                    0, 
                    1, 
                    1, 
                    1, 
                    1, 
                    1, 
                    1, 
                    1, 
                    1, 
                    0, 
                    0, 
                    0, 
                    1, 
                    0, 
                    0, 
                    0, 
                    0, 
                    0, 
                    0, 
                    0, 
                    0, 
                    0, 
                    0, 
                    0, 
                    0
                ], 
                [
                    2, 
                    0, 
                    1, 
                    1, 
                    1, 
                    1, 
                    1, 
                    1, 
                    1, 
                    1, 
                    0, 
                    0, 
                    0, 
                    0, 
                    0, 
                    0, 
                    0, 
                    0, 
                    0, 
                    0, 
                    0, 
                    0, 
                    0, 
                    0, 
                    0, 
                    0
                ], 
                [
                    2, 
                    0, 
                    1, 
                    1, 
                    1, 
                    1, 
                    1, 
                    1, 
                    1, 
                    1, 
                    0, 
                    0, 
                    0, 
                    0, 
                    0, 
                    1, 
                    0, 
                    0, 
                    0, 
                    0, 
                    0, 
                    0, 
                    0, 
                    0, 
                    0, 
                    0
                ], 
                [
                    3, 
                    0, 
                    1, 
                    1, 
                    1, 
                    1, 
                    1, 
                    1, 
                    0, 
                    1, 
                    0, 
                    0, 
                    0, 
                    0, 
                    0, 
                    0, 
                    0, 
                    0, 
                    0, 
                    0, 
                    0, 
                    0, 
                    0, 
                    0, 
                    0, 
                    0
                ]
            ], 
            "start_time": 1516749144.668477, 
            "success": false
        }, 
        {
            "action_seq": [
                {
                    "end_time": 1516749158.265694, 
                    "name": "push_l0", 
                    "py/object": "logger.ActionLog", 
                    "start_time": 1516749156.178719
                }, 
                {
                    "end_time": 1516749161.951177, 
                    "name": "push_l1", 
                    "py/object": "logger.ActionLog", 
                    "start_time": 1516749158.713933
                }, 
                {
                    "end_time": 1516749163.752695, 
                    "name": "push_door", 
                    "py/object": "logger.ActionLog", 
                    "start_time": 1516749162.583677
                }
            ], 
            "attempt_num": 2, 
            "cur_action": null, 
            "end_time": 1516749163.752769, 
            "py/object": "logger.AttemptLog", 
            "results": [
                [
                    "frame", 
                    "door", 
                    "door_lock", 
                    "inactive0", 
                    "inactive1", 
                    "inactive2", 
                    "l2", 
                    "l3", 
                    "l0", 
                    "l1", 
                    "agent", 
                    "push_l1", 
                    "push_inactive0", 
                    "push_l3", 
                    "push_inactive1", 
                    "push_l0", 
                    "push_inactive2", 
                    "push_l2", 
                    "pull_l1", 
                    "pull_inactive0", 
                    "pull_l3", 
                    "pull_inactive1", 
                    "pull_l0", 
                    "pull_inactive2", 
                    "pull_l2", 
                    "push_door"
                ], 
                [
                    0, 
                    0, 
                    1, 
                    1, 
                    1, 
                    1, 
                    1, 
                    1, 
                    1, 
                    1, 
                    0, 
                    0, 
                    0, 
                    0, 
                    0, 
                    0, 
                    0, 
                    0, 
                    0, 
                    0, 
                    0, 
                    0, 
                    0, 
                    0, 
                    0, 
                    0
                ], 
                [
                    0, 
                    0, 
                    1, 
                    1, 
                    1, 
                    1, 
                    1, 
                    1, 
                    1, 
                    1, 
                    0, 
                    0, 
                    0, 
                    0, 
                    0, 
                    1, 
                    0, 
                    0, 
                    0, 
                    0, 
                    0, 
                    0, 
                    0, 
                    0, 
                    0, 
                    0
                ], 
                [
                    1, 
                    0, 
                    1, 
                    1, 
                    1, 
                    1, 
                    1, 
                    1, 
                    0, 
                    1, 
                    0, 
                    0, 
                    0, 
                    0, 
                    0, 
                    0, 
                    0, 
                    0, 
                    0, 
                    0, 
                    0, 
                    0, 
                    0, 
                    0, 
                    0, 
                    0
                ], 
                [
                    1, 
                    0, 
                    1, 
                    1, 
                    1, 
                    1, 
                    1, 
                    1, 
                    0, 
                    1, 
                    0, 
                    1, 
                    0, 
                    0, 
                    0, 
                    0, 
                    0, 
                    0, 
                    0, 
                    0, 
                    0, 
                    0, 
                    0, 
                    0, 
                    0, 
                    0
                ], 
                [
                    2, 
                    0, 
                    0, 
                    1, 
                    1, 
                    1, 
                    1, 
                    1, 
                    0, 
                    0, 
                    0, 
                    0, 
                    0, 
                    0, 
                    0, 
                    0, 
                    0, 
                    0, 
                    0, 
                    0, 
                    0, 
                    0, 
                    0, 
                    0, 
                    0, 
                    0
                ], 
                [
                    2, 
                    0, 
                    0, 
                    1, 
                    1, 
                    1, 
                    1, 
                    1, 
                    0, 
                    0, 
                    0, 
                    0, 
                    0, 
                    0, 
                    0, 
                    0, 
                    0, 
                    0, 
                    0, 
                    0, 
                    0, 
                    0, 
                    0, 
                    0, 
                    0, 
                    1
                ], 
                [
                    3, 
                    1, 
                    0, 
                    1, 
                    1, 
                    1, 
                    1, 
                    1, 
                    0, 
                    0, 
                    0, 
                    0, 
                    0, 
                    0, 
                    0, 
                    0, 
                    0, 
                    0, 
                    0, 
                    0, 
                    0, 
                    0, 
                    0, 
                    0, 
                    0, 
                    0
                ]
            ], 
            "start_time": 1516749154.192658, 
            "success": true
        }, 
        {
            "action_seq": [
                {
                    "end_time": 1516749169.822353, 
                    "name": "push_l2", 
                    "py/object": "logger.ActionLog", 
                    "start_time": 1516749168.371034
                }, 
                {
                    "end_time": 1516749172.606806, 
                    "name": "push_l1", 
                    "py/object": "logger.ActionLog", 
                    "start_time": 1516749170.773255
                }, 
                {
                    "end_time": 1516749175.126422, 
                    "name": "push_l3", 
                    "py/object": "logger.ActionLog", 
                    "start_time": 1516749173.141451
                }
            ], 
            "attempt_num": 3, 
            "cur_action": null, 
            "end_time": 1516749175.126481, 
            "py/object": "logger.AttemptLog", 
            "results": [
                [
                    "frame", 
                    "door", 
                    "door_lock", 
                    "inactive0", 
                    "inactive1", 
                    "inactive2", 
                    "l2", 
                    "l3", 
                    "l0", 
                    "l1", 
                    "agent", 
                    "push_l1", 
                    "push_inactive0", 
                    "push_l3", 
                    "push_inactive1", 
                    "push_l0", 
                    "push_inactive2", 
                    "push_l2", 
                    "pull_l1", 
                    "pull_inactive0", 
                    "pull_l3", 
                    "pull_inactive1", 
                    "pull_l0", 
                    "pull_inactive2", 
                    "pull_l2", 
                    "push_door"
                ], 
                [
                    0, 
                    0, 
                    1, 
                    1, 
                    1, 
                    1, 
                    1, 
                    1, 
                    1, 
                    1, 
                    0, 
                    0, 
                    0, 
                    0, 
                    0, 
                    0, 
                    0, 
                    0, 
                    0, 
                    0, 
                    0, 
                    0, 
                    0, 
                    0, 
                    0, 
                    0
                ], 
                [
                    0, 
                    0, 
                    1, 
                    1, 
                    1, 
                    1, 
                    1, 
                    1, 
                    1, 
                    1, 
                    0, 
                    0, 
                    0, 
                    0, 
                    0, 
                    0, 
                    0, 
                    1, 
                    0, 
                    0, 
                    0, 
                    0, 
                    0, 
                    0, 
                    0, 
                    0
                ], 
                [
                    1, 
                    0, 
                    1, 
                    1, 
                    1, 
                    1, 
                    1, 
                    1, 
                    1, 
                    1, 
                    0, 
                    0, 
                    0, 
                    0, 
                    0, 
                    0, 
                    0, 
                    0, 
                    0, 
                    0, 
                    0, 
                    0, 
                    0, 
                    0, 
                    0, 
                    0
                ], 
                [
                    1, 
                    0, 
                    1, 
                    1, 
                    1, 
                    1, 
                    1, 
                    1, 
                    1, 
                    1, 
                    0, 
                    1, 
                    0, 
                    0, 
                    0, 
                    0, 
                    0, 
                    0, 
                    0, 
                    0, 
                    0, 
                    0, 
                    0, 
                    0, 
                    0, 
                    0
                ], 
                [
                    2, 
                    0, 
                    1, 
                    1, 
                    1, 
                    1, 
                    1, 
                    1, 
                    1, 
                    1, 
                    0, 
                    0, 
                    0, 
                    0, 
                    0, 
                    0, 
                    0, 
                    0, 
                    0, 
                    0, 
                    0, 
                    0, 
                    0, 
                    0, 
                    0, 
                    0
                ], 
                [
                    2, 
                    0, 
                    1, 
                    1, 
                    1, 
                    1, 
                    1, 
                    1, 
                    1, 
                    1, 
                    0, 
                    0, 
                    0, 
                    1, 
                    0, 
                    0, 
                    0, 
                    0, 
                    0, 
                    0, 
                    0, 
                    0, 
                    0, 
                    0, 
                    0, 
                    0
                ], 
                [
                    3, 
                    0, 
                    1, 
                    1, 
                    1, 
                    1, 
                    1, 
                    1, 
                    1, 
                    1, 
                    0, 
                    0, 
                    0, 
                    0, 
                    0, 
                    0, 
                    0, 
                    0, 
                    0, 
                    0, 
                    0, 
                    0, 
                    0, 
                    0, 
                    0, 
                    0
                ]
            ], 
            "start_time": 1516749167.786193, 
            "success": false
        }, 
        {
            "action_seq": [
                {
                    "end_time": 1516749178.898193, 
                    "name": "push_l0", 
                    "py/object": "logger.ActionLog", 
                    "start_time": 1516749176.81123
                }, 
                {
                    "end_time": 1516749181.734662, 
                    "name": "push_l3", 
                    "py/object": "logger.ActionLog", 
                    "start_time": 1516749179.263326
                }, 
                {
                    "end_time": 1516749186.222395, 
                    "name": "push_door", 
                    "py/object": "logger.ActionLog", 
                    "start_time": 1516749183.09905
                }
            ], 
            "attempt_num": 4, 
            "cur_action": null, 
            "end_time": 1516749186.222468, 
            "py/object": "logger.AttemptLog", 
            "results": [
                [
                    "frame", 
                    "door", 
                    "door_lock", 
                    "inactive0", 
                    "inactive1", 
                    "inactive2", 
                    "l2", 
                    "l3", 
                    "l0", 
                    "l1", 
                    "agent", 
                    "push_l1", 
                    "push_inactive0", 
                    "push_l3", 
                    "push_inactive1", 
                    "push_l0", 
                    "push_inactive2", 
                    "push_l2", 
                    "pull_l1", 
                    "pull_inactive0", 
                    "pull_l3", 
                    "pull_inactive1", 
                    "pull_l0", 
                    "pull_inactive2", 
                    "pull_l2", 
                    "push_door"
                ], 
                [
                    0, 
                    0, 
                    1, 
                    1, 
                    1, 
                    1, 
                    1, 
                    1, 
                    1, 
                    1, 
                    0, 
                    0, 
                    0, 
                    0, 
                    0, 
                    0, 
                    0, 
                    0, 
                    0, 
                    0, 
                    0, 
                    0, 
                    0, 
                    0, 
                    0, 
                    0
                ], 
                [
                    0, 
                    0, 
                    1, 
                    1, 
                    1, 
                    1, 
                    1, 
                    1, 
                    1, 
                    1, 
                    0, 
                    0, 
                    0, 
                    0, 
                    0, 
                    1, 
                    0, 
                    0, 
                    0, 
                    0, 
                    0, 
                    0, 
                    0, 
                    0, 
                    0, 
                    0
                ], 
                [
                    1, 
                    0, 
                    1, 
                    1, 
                    1, 
                    1, 
                    1, 
                    1, 
                    0, 
                    1, 
                    0, 
                    0, 
                    0, 
                    0, 
                    0, 
                    0, 
                    0, 
                    0, 
                    0, 
                    0, 
                    0, 
                    0, 
                    0, 
                    0, 
                    0, 
                    0
                ], 
                [
                    1, 
                    0, 
                    1, 
                    1, 
                    1, 
                    1, 
                    1, 
                    1, 
                    0, 
                    1, 
                    0, 
                    0, 
                    0, 
                    1, 
                    0, 
                    0, 
                    0, 
                    0, 
                    0, 
                    0, 
                    0, 
                    0, 
                    0, 
                    0, 
                    0, 
                    0
                ], 
                [
                    2, 
                    0, 
                    0, 
                    1, 
                    1, 
                    1, 
                    1, 
                    0, 
                    0, 
                    1, 
                    0, 
                    0, 
                    0, 
                    0, 
                    0, 
                    0, 
                    0, 
                    0, 
                    0, 
                    0, 
                    0, 
                    0, 
                    0, 
                    0, 
                    0, 
                    0
                ], 
                [
                    2, 
                    0, 
                    0, 
                    1, 
                    1, 
                    1, 
                    1, 
                    0, 
                    0, 
                    1, 
                    0, 
                    0, 
                    0, 
                    0, 
                    0, 
                    0, 
                    0, 
                    0, 
                    0, 
                    0, 
                    0, 
                    0, 
                    0, 
                    0, 
                    0, 
                    1
                ], 
                [
                    3, 
                    1, 
                    0, 
                    1, 
                    1, 
                    1, 
                    1, 
                    0, 
                    0, 
                    1, 
                    0, 
                    0, 
                    0, 
                    0, 
                    0, 
                    0, 
                    0, 
                    0, 
                    0, 
                    0, 
                    0, 
                    0, 
                    0, 
                    0, 
                    0, 
                    0
                ]
            ], 
            "start_time": 1516749175.142093, 
            "success": true
        }
    ], 
    "completed_solutions": [
        [
            {
                "end_time": 1516749133.596023, 
                "name": "push_l0", 
                "py/object": "logger.ActionLog", 
                "start_time": 1516749131.510553
            }, 
            {
                "end_time": 1516749137.216087, 
                "name": "push_l2", 
                "py/object": "logger.ActionLog", 
                "start_time": 1516749135.078479
            }, 
            {
                "end_time": 1516749140.639263, 
                "name": "push_door", 
                "py/object": "logger.ActionLog", 
                "start_time": 1516749139.415569
            }
        ], 
        [
            {
                "end_time": 1516749158.265694, 
                "name": "push_l0", 
                "py/object": "logger.ActionLog", 
                "start_time": 1516749156.178719
            }, 
            {
                "end_time": 1516749161.951177, 
                "name": "push_l1", 
                "py/object": "logger.ActionLog", 
                "start_time": 1516749158.713933
            }, 
            {
                "end_time": 1516749163.752695, 
                "name": "push_door", 
                "py/object": "logger.ActionLog", 
                "start_time": 1516749162.583677
            }
        ], 
        [
            {
                "end_time": 1516749178.898193, 
                "name": "push_l0", 
                "py/object": "logger.ActionLog", 
                "start_time": 1516749176.81123
            }, 
            {
                "end_time": 1516749181.734662, 
                "name": "push_l3", 
                "py/object": "logger.ActionLog", 
                "start_time": 1516749179.263326
            }, 
            {
                "end_time": 1516749186.222395, 
                "name": "push_door", 
                "py/object": "logger.ActionLog", 
                "start_time": 1516749183.09905
            }
        ]
    ], 
    "cur_attempt": null, 
    "end_time": 1516749190.253867, 
    "name": "trial7", 
    "num_solutions_remaining": 0, 
    "py/object": "logger.TrialLog", 
    "scenario_name": "CC4", 
    "solution_found": [
        true, 
        false, 
        true, 
        false, 
        true
    ], 
    "solutions": [
        [
            {
                "name": "push_l0", 
                "py/object": "logger.ActionLog", 
                "start_time": null
            }, 
            {
                "name": "push_l1", 
                "py/object": "logger.ActionLog", 
                "start_time": null
            }, 
            {
                "name": "push_door", 
                "py/object": "logger.ActionLog", 
                "start_time": null
            }
        ], 
        [
            {
                "name": "push_l0", 
                "py/object": "logger.ActionLog", 
                "start_time": null
            }, 
            {
                "name": "push_l2", 
                "py/object": "logger.ActionLog", 
                "start_time": null
            }, 
            {
                "name": "push_door", 
                "py/object": "logger.ActionLog", 
                "start_time": null
            }
        ], 
        [
            {
                "name": "push_l0", 
                "py/object": "logger.ActionLog", 
                "start_time": null
            }, 
            {
                "name": "push_l3", 
                "py/object": "logger.ActionLog", 
                "start_time": null
            }, 
            {
                "name": "push_door", 
                "py/object": "logger.ActionLog", 
                "start_time": null
            }
        ]
    ], 
    "start_time": 1516749128.555352, 
    "success": true
}