{
    "age": 20, 
    "cur_trial": null, 
    "end_time": 1516753300.75429, 
    "eyewear": "no", 
    "gender": "F", 
    "handedness": "right", 
    "human": true, 
    "major": "Cognitive Science", 
    "participant_id": 119, 
    "py/object": "logger.SubjectLog", 
    "start_time": 1516752143.114221, 
    "strategy": "Yes, to systematically check. I tried every combination by working through them orderly so I wouldn't forget which I had chechecked already", 
    "subject_id": "1762553103", 
    "transfer_strategy": "Yes, it just took longer "
}