{
    "attempt_seq": [
        {
            "action_seq": [
                {
                    "end_time": 1515699226.11131, 
                    "name": "push_l1", 
                    "py/object": "logger.ActionLog", 
                    "start_time": 1515699223.612266
                }, 
                {
                    "end_time": 1515699229.858534, 
                    "name": "push_l3", 
                    "py/object": "logger.ActionLog", 
                    "start_time": 1515699227.127254
                }, 
                {
                    "end_time": 1515699235.161655, 
                    "name": "push_l0", 
                    "py/object": "logger.ActionLog", 
                    "start_time": 1515699231.958982
                }
            ], 
            "attempt_num": 0, 
            "cur_action": null, 
            "end_time": 1515699235.16171, 
            "py/object": "logger.AttemptLog", 
            "results": [
                [
                    "frame", 
                    "door", 
                    "door_lock", 
                    "inactive0", 
                    "inactive1", 
                    "inactive2", 
                    "l2", 
                    "l3", 
                    "l0", 
                    "l1", 
                    "agent", 
                    "push_l1", 
                    "push_inactive0", 
                    "push_l3", 
                    "push_inactive1", 
                    "push_l0", 
                    "push_inactive2", 
                    "push_l2", 
                    "pull_l1", 
                    "pull_inactive0", 
                    "pull_l3", 
                    "pull_inactive1", 
                    "pull_l0", 
                    "pull_inactive2", 
                    "pull_l2", 
                    "push_door"
                ], 
                [
                    0, 
                    0, 
                    1, 
                    1, 
                    1, 
                    1, 
                    1, 
                    1, 
                    1, 
                    1, 
                    0, 
                    0, 
                    0, 
                    0, 
                    0, 
                    0, 
                    0, 
                    0, 
                    0, 
                    0, 
                    0, 
                    0, 
                    0, 
                    0, 
                    0, 
                    0
                ], 
                [
                    0, 
                    0, 
                    1, 
                    1, 
                    1, 
                    1, 
                    1, 
                    1, 
                    1, 
                    1, 
                    0, 
                    1, 
                    0, 
                    0, 
                    0, 
                    0, 
                    0, 
                    0, 
                    0, 
                    0, 
                    0, 
                    0, 
                    0, 
                    0, 
                    0, 
                    0
                ], 
                [
                    1, 
                    0, 
                    1, 
                    1, 
                    1, 
                    1, 
                    1, 
                    1, 
                    1, 
                    1, 
                    0, 
                    0, 
                    0, 
                    0, 
                    0, 
                    0, 
                    0, 
                    0, 
                    0, 
                    0, 
                    0, 
                    0, 
                    0, 
                    0, 
                    0, 
                    0
                ], 
                [
                    1, 
                    0, 
                    1, 
                    1, 
                    1, 
                    1, 
                    1, 
                    1, 
                    1, 
                    1, 
                    0, 
                    0, 
                    0, 
                    1, 
                    0, 
                    0, 
                    0, 
                    0, 
                    0, 
                    0, 
                    0, 
                    0, 
                    0, 
                    0, 
                    0, 
                    0
                ], 
                [
                    2, 
                    0, 
                    1, 
                    1, 
                    1, 
                    1, 
                    1, 
                    1, 
                    1, 
                    1, 
                    0, 
                    0, 
                    0, 
                    0, 
                    0, 
                    0, 
                    0, 
                    0, 
                    0, 
                    0, 
                    0, 
                    0, 
                    0, 
                    0, 
                    0, 
                    0
                ], 
                [
                    2, 
                    0, 
                    1, 
                    1, 
                    1, 
                    1, 
                    1, 
                    1, 
                    1, 
                    1, 
                    0, 
                    0, 
                    0, 
                    0, 
                    0, 
                    1, 
                    0, 
                    0, 
                    0, 
                    0, 
                    0, 
                    0, 
                    0, 
                    0, 
                    0, 
                    0
                ], 
                [
                    3, 
                    0, 
                    1, 
                    1, 
                    1, 
                    1, 
                    1, 
                    1, 
                    0, 
                    1, 
                    0, 
                    0, 
                    0, 
                    0, 
                    0, 
                    0, 
                    0, 
                    0, 
                    0, 
                    0, 
                    0, 
                    0, 
                    0, 
                    0, 
                    0, 
                    0
                ]
            ], 
            "start_time": 1515699218.403149, 
            "success": false
        }, 
        {
            "action_seq": [
                {
                    "end_time": 1515699240.543194, 
                    "name": "push_l0", 
                    "py/object": "logger.ActionLog", 
                    "start_time": 1515699236.873881
                }, 
                {
                    "end_time": 1515699244.826024, 
                    "name": "push_l2", 
                    "py/object": "logger.ActionLog", 
                    "start_time": 1515699242.238599
                }, 
                {
                    "end_time": 1515699247.196093, 
                    "name": "push_door", 
                    "py/object": "logger.ActionLog", 
                    "start_time": 1515699245.48762
                }
            ], 
            "attempt_num": 1, 
            "cur_action": null, 
            "end_time": 1515699247.196177, 
            "py/object": "logger.AttemptLog", 
            "results": [
                [
                    "frame", 
                    "door", 
                    "door_lock", 
                    "inactive0", 
                    "inactive1", 
                    "inactive2", 
                    "l2", 
                    "l3", 
                    "l0", 
                    "l1", 
                    "agent", 
                    "push_l1", 
                    "push_inactive0", 
                    "push_l3", 
                    "push_inactive1", 
                    "push_l0", 
                    "push_inactive2", 
                    "push_l2", 
                    "pull_l1", 
                    "pull_inactive0", 
                    "pull_l3", 
                    "pull_inactive1", 
                    "pull_l0", 
                    "pull_inactive2", 
                    "pull_l2", 
                    "push_door"
                ], 
                [
                    0, 
                    0, 
                    1, 
                    1, 
                    1, 
                    1, 
                    1, 
                    1, 
                    1, 
                    1, 
                    0, 
                    0, 
                    0, 
                    0, 
                    0, 
                    0, 
                    0, 
                    0, 
                    0, 
                    0, 
                    0, 
                    0, 
                    0, 
                    0, 
                    0, 
                    0
                ], 
                [
                    0, 
                    0, 
                    1, 
                    1, 
                    1, 
                    1, 
                    1, 
                    1, 
                    1, 
                    1, 
                    0, 
                    0, 
                    0, 
                    0, 
                    0, 
                    1, 
                    0, 
                    0, 
                    0, 
                    0, 
                    0, 
                    0, 
                    0, 
                    0, 
                    0, 
                    0
                ], 
                [
                    1, 
                    0, 
                    1, 
                    1, 
                    1, 
                    1, 
                    1, 
                    1, 
                    0, 
                    1, 
                    0, 
                    0, 
                    0, 
                    0, 
                    0, 
                    0, 
                    0, 
                    0, 
                    0, 
                    0, 
                    0, 
                    0, 
                    0, 
                    0, 
                    0, 
                    0
                ], 
                [
                    1, 
                    0, 
                    1, 
                    1, 
                    1, 
                    1, 
                    1, 
                    1, 
                    0, 
                    1, 
                    0, 
                    0, 
                    0, 
                    0, 
                    0, 
                    0, 
                    0, 
                    1, 
                    0, 
                    0, 
                    0, 
                    0, 
                    0, 
                    0, 
                    0, 
                    0
                ], 
                [
                    2, 
                    0, 
                    0, 
                    1, 
                    1, 
                    1, 
                    0, 
                    1, 
                    0, 
                    1, 
                    0, 
                    0, 
                    0, 
                    0, 
                    0, 
                    0, 
                    0, 
                    0, 
                    0, 
                    0, 
                    0, 
                    0, 
                    0, 
                    0, 
                    0, 
                    0
                ], 
                [
                    2, 
                    0, 
                    0, 
                    1, 
                    1, 
                    1, 
                    0, 
                    1, 
                    0, 
                    1, 
                    0, 
                    0, 
                    0, 
                    0, 
                    0, 
                    0, 
                    0, 
                    0, 
                    0, 
                    0, 
                    0, 
                    0, 
                    0, 
                    0, 
                    0, 
                    1
                ], 
                [
                    3, 
                    1, 
                    0, 
                    1, 
                    1, 
                    1, 
                    0, 
                    1, 
                    0, 
                    1, 
                    0, 
                    0, 
                    0, 
                    0, 
                    0, 
                    0, 
                    0, 
                    0, 
                    0, 
                    0, 
                    0, 
                    0, 
                    0, 
                    0, 
                    0, 
                    0
                ]
            ], 
            "start_time": 1515699235.173241, 
            "success": true
        }, 
        {
            "action_seq": [
                {
                    "end_time": 1515699258.436833, 
                    "name": "push_l0", 
                    "py/object": "logger.ActionLog", 
                    "start_time": 1515699254.768037
                }, 
                {
                    "end_time": 1515699265.533492, 
                    "name": "push_l1", 
                    "py/object": "logger.ActionLog", 
                    "start_time": 1515699259.499566
                }, 
                {
                    "end_time": 1515699268.481978, 
                    "name": "push_door", 
                    "py/object": "logger.ActionLog", 
                    "start_time": 1515699266.597005
                }
            ], 
            "attempt_num": 2, 
            "cur_action": null, 
            "end_time": 1515699268.482064, 
            "py/object": "logger.AttemptLog", 
            "results": [
                [
                    "frame", 
                    "door", 
                    "door_lock", 
                    "inactive0", 
                    "inactive1", 
                    "inactive2", 
                    "l2", 
                    "l3", 
                    "l0", 
                    "l1", 
                    "agent", 
                    "push_l1", 
                    "push_inactive0", 
                    "push_l3", 
                    "push_inactive1", 
                    "push_l0", 
                    "push_inactive2", 
                    "push_l2", 
                    "pull_l1", 
                    "pull_inactive0", 
                    "pull_l3", 
                    "pull_inactive1", 
                    "pull_l0", 
                    "pull_inactive2", 
                    "pull_l2", 
                    "push_door"
                ], 
                [
                    0, 
                    0, 
                    1, 
                    1, 
                    1, 
                    1, 
                    1, 
                    1, 
                    1, 
                    1, 
                    0, 
                    0, 
                    0, 
                    0, 
                    0, 
                    0, 
                    0, 
                    0, 
                    0, 
                    0, 
                    0, 
                    0, 
                    0, 
                    0, 
                    0, 
                    0
                ], 
                [
                    0, 
                    0, 
                    1, 
                    1, 
                    1, 
                    1, 
                    1, 
                    1, 
                    1, 
                    1, 
                    0, 
                    0, 
                    0, 
                    0, 
                    0, 
                    1, 
                    0, 
                    0, 
                    0, 
                    0, 
                    0, 
                    0, 
                    0, 
                    0, 
                    0, 
                    0
                ], 
                [
                    1, 
                    0, 
                    1, 
                    1, 
                    1, 
                    1, 
                    1, 
                    1, 
                    0, 
                    1, 
                    0, 
                    0, 
                    0, 
                    0, 
                    0, 
                    0, 
                    0, 
                    0, 
                    0, 
                    0, 
                    0, 
                    0, 
                    0, 
                    0, 
                    0, 
                    0
                ], 
                [
                    1, 
                    0, 
                    1, 
                    1, 
                    1, 
                    1, 
                    1, 
                    1, 
                    0, 
                    1, 
                    0, 
                    1, 
                    0, 
                    0, 
                    0, 
                    0, 
                    0, 
                    0, 
                    0, 
                    0, 
                    0, 
                    0, 
                    0, 
                    0, 
                    0, 
                    0
                ], 
                [
                    2, 
                    0, 
                    0, 
                    1, 
                    1, 
                    1, 
                    1, 
                    1, 
                    0, 
                    0, 
                    0, 
                    0, 
                    0, 
                    0, 
                    0, 
                    0, 
                    0, 
                    0, 
                    0, 
                    0, 
                    0, 
                    0, 
                    0, 
                    0, 
                    0, 
                    0
                ], 
                [
                    2, 
                    0, 
                    0, 
                    1, 
                    1, 
                    1, 
                    1, 
                    1, 
                    0, 
                    0, 
                    0, 
                    0, 
                    0, 
                    0, 
                    0, 
                    0, 
                    0, 
                    0, 
                    0, 
                    0, 
                    0, 
                    0, 
                    0, 
                    0, 
                    0, 
                    1
                ], 
                [
                    3, 
                    1, 
                    0, 
                    1, 
                    1, 
                    1, 
                    1, 
                    1, 
                    0, 
                    0, 
                    0, 
                    0, 
                    0, 
                    0, 
                    0, 
                    0, 
                    0, 
                    0, 
                    0, 
                    0, 
                    0, 
                    0, 
                    0, 
                    0, 
                    0, 
                    0
                ]
            ], 
            "start_time": 1515699251.217481, 
            "success": true
        }, 
        {
            "action_seq": [
                {
                    "end_time": 1515699278.343167, 
                    "name": "push_l3", 
                    "py/object": "logger.ActionLog", 
                    "start_time": 1515699274.278052
                }, 
                {
                    "end_time": 1515699285.642005, 
                    "name": "push_l2", 
                    "py/object": "logger.ActionLog", 
                    "start_time": 1515699279.642805
                }, 
                {
                    "end_time": 1515699290.971465, 
                    "name": "push_l1", 
                    "py/object": "logger.ActionLog", 
                    "start_time": 1515699288.2895
                }
            ], 
            "attempt_num": 3, 
            "cur_action": null, 
            "end_time": 1515699290.971533, 
            "py/object": "logger.AttemptLog", 
            "results": [
                [
                    "frame", 
                    "door", 
                    "door_lock", 
                    "inactive0", 
                    "inactive1", 
                    "inactive2", 
                    "l2", 
                    "l3", 
                    "l0", 
                    "l1", 
                    "agent", 
                    "push_l1", 
                    "push_inactive0", 
                    "push_l3", 
                    "push_inactive1", 
                    "push_l0", 
                    "push_inactive2", 
                    "push_l2", 
                    "pull_l1", 
                    "pull_inactive0", 
                    "pull_l3", 
                    "pull_inactive1", 
                    "pull_l0", 
                    "pull_inactive2", 
                    "pull_l2", 
                    "push_door"
                ], 
                [
                    0, 
                    0, 
                    1, 
                    1, 
                    1, 
                    1, 
                    1, 
                    1, 
                    1, 
                    1, 
                    0, 
                    0, 
                    0, 
                    0, 
                    0, 
                    0, 
                    0, 
                    0, 
                    0, 
                    0, 
                    0, 
                    0, 
                    0, 
                    0, 
                    0, 
                    0
                ], 
                [
                    0, 
                    0, 
                    1, 
                    1, 
                    1, 
                    1, 
                    1, 
                    1, 
                    1, 
                    1, 
                    0, 
                    0, 
                    0, 
                    1, 
                    0, 
                    0, 
                    0, 
                    0, 
                    0, 
                    0, 
                    0, 
                    0, 
                    0, 
                    0, 
                    0, 
                    0
                ], 
                [
                    1, 
                    0, 
                    1, 
                    1, 
                    1, 
                    1, 
                    1, 
                    1, 
                    1, 
                    1, 
                    0, 
                    0, 
                    0, 
                    0, 
                    0, 
                    0, 
                    0, 
                    0, 
                    0, 
                    0, 
                    0, 
                    0, 
                    0, 
                    0, 
                    0, 
                    0
                ], 
                [
                    1, 
                    0, 
                    1, 
                    1, 
                    1, 
                    1, 
                    1, 
                    1, 
                    1, 
                    1, 
                    0, 
                    0, 
                    0, 
                    0, 
                    0, 
                    0, 
                    0, 
                    1, 
                    0, 
                    0, 
                    0, 
                    0, 
                    0, 
                    0, 
                    0, 
                    0
                ], 
                [
                    2, 
                    0, 
                    1, 
                    1, 
                    1, 
                    1, 
                    1, 
                    1, 
                    1, 
                    1, 
                    0, 
                    0, 
                    0, 
                    0, 
                    0, 
                    0, 
                    0, 
                    0, 
                    0, 
                    0, 
                    0, 
                    0, 
                    0, 
                    0, 
                    0, 
                    0
                ], 
                [
                    2, 
                    0, 
                    1, 
                    1, 
                    1, 
                    1, 
                    1, 
                    1, 
                    1, 
                    1, 
                    0, 
                    1, 
                    0, 
                    0, 
                    0, 
                    0, 
                    0, 
                    0, 
                    0, 
                    0, 
                    0, 
                    0, 
                    0, 
                    0, 
                    0, 
                    0
                ], 
                [
                    3, 
                    0, 
                    1, 
                    1, 
                    1, 
                    1, 
                    1, 
                    1, 
                    1, 
                    1, 
                    0, 
                    0, 
                    0, 
                    0, 
                    0, 
                    0, 
                    0, 
                    0, 
                    0, 
                    0, 
                    0, 
                    0, 
                    0, 
                    0, 
                    0, 
                    0
                ]
            ], 
            "start_time": 1515699272.511076, 
            "success": false
        }, 
        {
            "action_seq": [
                {
                    "end_time": 1515699299.535798, 
                    "name": "push_l3", 
                    "py/object": "logger.ActionLog", 
                    "start_time": 1515699295.453666
                }, 
                {
                    "end_time": 1515699306.534864, 
                    "name": "push_l1", 
                    "py/object": "logger.ActionLog", 
                    "start_time": 1515699303.534415
                }, 
                {
                    "end_time": 1515699309.783756, 
                    "name": "push_door", 
                    "py/object": "logger.ActionLog", 
                    "start_time": 1515699308.316184
                }
            ], 
            "attempt_num": 4, 
            "cur_action": null, 
            "end_time": 1515699309.783823, 
            "py/object": "logger.AttemptLog", 
            "results": [
                [
                    "frame", 
                    "door", 
                    "door_lock", 
                    "inactive0", 
                    "inactive1", 
                    "inactive2", 
                    "l2", 
                    "l3", 
                    "l0", 
                    "l1", 
                    "agent", 
                    "push_l1", 
                    "push_inactive0", 
                    "push_l3", 
                    "push_inactive1", 
                    "push_l0", 
                    "push_inactive2", 
                    "push_l2", 
                    "pull_l1", 
                    "pull_inactive0", 
                    "pull_l3", 
                    "pull_inactive1", 
                    "pull_l0", 
                    "pull_inactive2", 
                    "pull_l2", 
                    "push_door"
                ], 
                [
                    0, 
                    0, 
                    1, 
                    1, 
                    1, 
                    1, 
                    1, 
                    1, 
                    1, 
                    1, 
                    0, 
                    0, 
                    0, 
                    0, 
                    0, 
                    0, 
                    0, 
                    0, 
                    0, 
                    0, 
                    0, 
                    0, 
                    0, 
                    0, 
                    0, 
                    0
                ], 
                [
                    0, 
                    0, 
                    1, 
                    1, 
                    1, 
                    1, 
                    1, 
                    1, 
                    1, 
                    1, 
                    0, 
                    0, 
                    0, 
                    1, 
                    0, 
                    0, 
                    0, 
                    0, 
                    0, 
                    0, 
                    0, 
                    0, 
                    0, 
                    0, 
                    0, 
                    0
                ], 
                [
                    1, 
                    0, 
                    1, 
                    1, 
                    1, 
                    1, 
                    1, 
                    1, 
                    1, 
                    1, 
                    0, 
                    0, 
                    0, 
                    0, 
                    0, 
                    0, 
                    0, 
                    0, 
                    0, 
                    0, 
                    0, 
                    0, 
                    0, 
                    0, 
                    0, 
                    0
                ], 
                [
                    1, 
                    0, 
                    1, 
                    1, 
                    1, 
                    1, 
                    1, 
                    1, 
                    1, 
                    1, 
                    0, 
                    1, 
                    0, 
                    0, 
                    0, 
                    0, 
                    0, 
                    0, 
                    0, 
                    0, 
                    0, 
                    0, 
                    0, 
                    0, 
                    0, 
                    0
                ], 
                [
                    2, 
                    0, 
                    1, 
                    1, 
                    1, 
                    1, 
                    1, 
                    1, 
                    1, 
                    1, 
                    0, 
                    0, 
                    0, 
                    0, 
                    0, 
                    0, 
                    0, 
                    0, 
                    0, 
                    0, 
                    0, 
                    0, 
                    0, 
                    0, 
                    0, 
                    0
                ], 
                [
                    2, 
                    0, 
                    1, 
                    1, 
                    1, 
                    1, 
                    1, 
                    1, 
                    1, 
                    1, 
                    0, 
                    0, 
                    0, 
                    0, 
                    0, 
                    0, 
                    0, 
                    0, 
                    0, 
                    0, 
                    0, 
                    0, 
                    0, 
                    0, 
                    0, 
                    1
                ], 
                [
                    3, 
                    0, 
                    1, 
                    1, 
                    1, 
                    1, 
                    1, 
                    1, 
                    1, 
                    1, 
                    0, 
                    0, 
                    0, 
                    0, 
                    0, 
                    0, 
                    0, 
                    0, 
                    0, 
                    0, 
                    0, 
                    0, 
                    0, 
                    0, 
                    0, 
                    0
                ]
            ], 
            "start_time": 1515699290.987469, 
            "success": false
        }, 
        {
            "action_seq": [
                {
                    "end_time": 1515699324.330757, 
                    "name": "push_l0", 
                    "py/object": "logger.ActionLog", 
                    "start_time": 1515699320.561745
                }, 
                {
                    "end_time": 1515699333.593294, 
                    "name": "push_l1", 
                    "py/object": "logger.ActionLog", 
                    "start_time": 1515699327.559213
                }, 
                {
                    "end_time": 1515699336.558517, 
                    "name": "push_door", 
                    "py/object": "logger.ActionLog", 
                    "start_time": 1515699334.673879
                }
            ], 
            "attempt_num": 5, 
            "cur_action": null, 
            "end_time": 1515699336.558604, 
            "py/object": "logger.AttemptLog", 
            "results": [
                [
                    "frame", 
                    "door", 
                    "door_lock", 
                    "inactive0", 
                    "inactive1", 
                    "inactive2", 
                    "l2", 
                    "l3", 
                    "l0", 
                    "l1", 
                    "agent", 
                    "push_l1", 
                    "push_inactive0", 
                    "push_l3", 
                    "push_inactive1", 
                    "push_l0", 
                    "push_inactive2", 
                    "push_l2", 
                    "pull_l1", 
                    "pull_inactive0", 
                    "pull_l3", 
                    "pull_inactive1", 
                    "pull_l0", 
                    "pull_inactive2", 
                    "pull_l2", 
                    "push_door"
                ], 
                [
                    0, 
                    0, 
                    1, 
                    1, 
                    1, 
                    1, 
                    1, 
                    1, 
                    1, 
                    1, 
                    0, 
                    0, 
                    0, 
                    0, 
                    0, 
                    0, 
                    0, 
                    0, 
                    0, 
                    0, 
                    0, 
                    0, 
                    0, 
                    0, 
                    0, 
                    0
                ], 
                [
                    0, 
                    0, 
                    1, 
                    1, 
                    1, 
                    1, 
                    1, 
                    1, 
                    1, 
                    1, 
                    0, 
                    0, 
                    0, 
                    0, 
                    0, 
                    1, 
                    0, 
                    0, 
                    0, 
                    0, 
                    0, 
                    0, 
                    0, 
                    0, 
                    0, 
                    0
                ], 
                [
                    1, 
                    0, 
                    1, 
                    1, 
                    1, 
                    1, 
                    1, 
                    1, 
                    0, 
                    1, 
                    0, 
                    0, 
                    0, 
                    0, 
                    0, 
                    0, 
                    0, 
                    0, 
                    0, 
                    0, 
                    0, 
                    0, 
                    0, 
                    0, 
                    0, 
                    0
                ], 
                [
                    1, 
                    0, 
                    1, 
                    1, 
                    1, 
                    1, 
                    1, 
                    1, 
                    0, 
                    1, 
                    0, 
                    1, 
                    0, 
                    0, 
                    0, 
                    0, 
                    0, 
                    0, 
                    0, 
                    0, 
                    0, 
                    0, 
                    0, 
                    0, 
                    0, 
                    0
                ], 
                [
                    2, 
                    0, 
                    0, 
                    1, 
                    1, 
                    1, 
                    1, 
                    1, 
                    0, 
                    0, 
                    0, 
                    0, 
                    0, 
                    0, 
                    0, 
                    0, 
                    0, 
                    0, 
                    0, 
                    0, 
                    0, 
                    0, 
                    0, 
                    0, 
                    0, 
                    0
                ], 
                [
                    2, 
                    0, 
                    0, 
                    1, 
                    1, 
                    1, 
                    1, 
                    1, 
                    0, 
                    0, 
                    0, 
                    0, 
                    0, 
                    0, 
                    0, 
                    0, 
                    0, 
                    0, 
                    0, 
                    0, 
                    0, 
                    0, 
                    0, 
                    0, 
                    0, 
                    1
                ], 
                [
                    3, 
                    1, 
                    0, 
                    1, 
                    1, 
                    1, 
                    1, 
                    1, 
                    0, 
                    0, 
                    0, 
                    0, 
                    0, 
                    0, 
                    0, 
                    0, 
                    0, 
                    0, 
                    0, 
                    0, 
                    0, 
                    0, 
                    0, 
                    0, 
                    0, 
                    0
                ]
            ], 
            "start_time": 1515699309.797698, 
            "success": false
        }, 
        {
            "action_seq": [
                {
                    "end_time": 1515699347.706316, 
                    "name": "push_l0", 
                    "py/object": "logger.ActionLog", 
                    "start_time": 1515699344.055215
                }, 
                {
                    "end_time": 1515699355.221463, 
                    "name": "push_l3", 
                    "py/object": "logger.ActionLog", 
                    "start_time": 1515699351.917861
                }, 
                {
                    "end_time": 1515699361.619769, 
                    "name": "push_door", 
                    "py/object": "logger.ActionLog", 
                    "start_time": 1515699355.982833
                }
            ], 
            "attempt_num": 6, 
            "cur_action": null, 
            "end_time": 1515699361.61986, 
            "py/object": "logger.AttemptLog", 
            "results": [
                [
                    "frame", 
                    "door", 
                    "door_lock", 
                    "inactive0", 
                    "inactive1", 
                    "inactive2", 
                    "l2", 
                    "l3", 
                    "l0", 
                    "l1", 
                    "agent", 
                    "push_l1", 
                    "push_inactive0", 
                    "push_l3", 
                    "push_inactive1", 
                    "push_l0", 
                    "push_inactive2", 
                    "push_l2", 
                    "pull_l1", 
                    "pull_inactive0", 
                    "pull_l3", 
                    "pull_inactive1", 
                    "pull_l0", 
                    "pull_inactive2", 
                    "pull_l2", 
                    "push_door"
                ], 
                [
                    0, 
                    0, 
                    1, 
                    1, 
                    1, 
                    1, 
                    1, 
                    1, 
                    1, 
                    1, 
                    0, 
                    0, 
                    0, 
                    0, 
                    0, 
                    0, 
                    0, 
                    0, 
                    0, 
                    0, 
                    0, 
                    0, 
                    0, 
                    0, 
                    0, 
                    0
                ], 
                [
                    0, 
                    0, 
                    1, 
                    1, 
                    1, 
                    1, 
                    1, 
                    1, 
                    1, 
                    1, 
                    0, 
                    0, 
                    0, 
                    0, 
                    0, 
                    1, 
                    0, 
                    0, 
                    0, 
                    0, 
                    0, 
                    0, 
                    0, 
                    0, 
                    0, 
                    0
                ], 
                [
                    1, 
                    0, 
                    1, 
                    1, 
                    1, 
                    1, 
                    1, 
                    1, 
                    0, 
                    1, 
                    0, 
                    0, 
                    0, 
                    0, 
                    0, 
                    0, 
                    0, 
                    0, 
                    0, 
                    0, 
                    0, 
                    0, 
                    0, 
                    0, 
                    0, 
                    0
                ], 
                [
                    1, 
                    0, 
                    1, 
                    1, 
                    1, 
                    1, 
                    1, 
                    1, 
                    0, 
                    1, 
                    0, 
                    0, 
                    0, 
                    1, 
                    0, 
                    0, 
                    0, 
                    0, 
                    0, 
                    0, 
                    0, 
                    0, 
                    0, 
                    0, 
                    0, 
                    0
                ], 
                [
                    2, 
                    0, 
                    0, 
                    1, 
                    1, 
                    1, 
                    1, 
                    0, 
                    0, 
                    1, 
                    0, 
                    0, 
                    0, 
                    0, 
                    0, 
                    0, 
                    0, 
                    0, 
                    0, 
                    0, 
                    0, 
                    0, 
                    0, 
                    0, 
                    0, 
                    0
                ], 
                [
                    2, 
                    0, 
                    0, 
                    1, 
                    1, 
                    1, 
                    1, 
                    0, 
                    0, 
                    1, 
                    0, 
                    0, 
                    0, 
                    0, 
                    0, 
                    0, 
                    0, 
                    0, 
                    0, 
                    0, 
                    0, 
                    0, 
                    0, 
                    0, 
                    0, 
                    1
                ], 
                [
                    3, 
                    1, 
                    0, 
                    1, 
                    1, 
                    1, 
                    1, 
                    0, 
                    0, 
                    1, 
                    0, 
                    0, 
                    0, 
                    0, 
                    0, 
                    0, 
                    0, 
                    0, 
                    0, 
                    0, 
                    0, 
                    0, 
                    0, 
                    0, 
                    0, 
                    0
                ]
            ], 
            "start_time": 1515699340.586703, 
            "success": true
        }
    ], 
    "completed_solutions": [
        [
            {
                "end_time": 1515699240.543194, 
                "name": "push_l0", 
                "py/object": "logger.ActionLog", 
                "start_time": 1515699236.873881
            }, 
            {
                "end_time": 1515699244.826024, 
                "name": "push_l2", 
                "py/object": "logger.ActionLog", 
                "start_time": 1515699242.238599
            }, 
            {
                "end_time": 1515699247.196093, 
                "name": "push_door", 
                "py/object": "logger.ActionLog", 
                "start_time": 1515699245.48762
            }
        ], 
        [
            {
                "end_time": 1515699258.436833, 
                "name": "push_l0", 
                "py/object": "logger.ActionLog", 
                "start_time": 1515699254.768037
            }, 
            {
                "end_time": 1515699265.533492, 
                "name": "push_l1", 
                "py/object": "logger.ActionLog", 
                "start_time": 1515699259.499566
            }, 
            {
                "end_time": 1515699268.481978, 
                "name": "push_door", 
                "py/object": "logger.ActionLog", 
                "start_time": 1515699266.597005
            }
        ], 
        [
            {
                "end_time": 1515699347.706316, 
                "name": "push_l0", 
                "py/object": "logger.ActionLog", 
                "start_time": 1515699344.055215
            }, 
            {
                "end_time": 1515699355.221463, 
                "name": "push_l3", 
                "py/object": "logger.ActionLog", 
                "start_time": 1515699351.917861
            }, 
            {
                "end_time": 1515699361.619769, 
                "name": "push_door", 
                "py/object": "logger.ActionLog", 
                "start_time": 1515699355.982833
            }
        ]
    ], 
    "cur_attempt": null, 
    "end_time": 1515699365.644606, 
    "name": "trial7", 
    "num_solutions_remaining": 0, 
    "py/object": "logger.TrialLog", 
    "scenario_name": "CC4", 
    "solution_found": [
        false, 
        true, 
        true, 
        false, 
        false, 
        false, 
        true
    ], 
    "solutions": [
        [
            {
                "name": "push_l0", 
                "py/object": "logger.ActionLog", 
                "start_time": null
            }, 
            {
                "name": "push_l1", 
                "py/object": "logger.ActionLog", 
                "start_time": null
            }, 
            {
                "name": "push_door", 
                "py/object": "logger.ActionLog", 
                "start_time": null
            }
        ], 
        [
            {
                "name": "push_l0", 
                "py/object": "logger.ActionLog", 
                "start_time": null
            }, 
            {
                "name": "push_l2", 
                "py/object": "logger.ActionLog", 
                "start_time": null
            }, 
            {
                "name": "push_door", 
                "py/object": "logger.ActionLog", 
                "start_time": null
            }
        ], 
        [
            {
                "name": "push_l0", 
                "py/object": "logger.ActionLog", 
                "start_time": null
            }, 
            {
                "name": "push_l3", 
                "py/object": "logger.ActionLog", 
                "start_time": null
            }, 
            {
                "name": "push_door", 
                "py/object": "logger.ActionLog", 
                "start_time": null
            }
        ]
    ], 
    "start_time": 1515699218.403144, 
    "success": true
}