{
    "attempt_seq": [
        {
            "action_seq": [
                {
                    "end_time": 1520878718.204755, 
                    "name": "push_inactive0", 
                    "py/object": "logger.ActionLog", 
                    "start_time": 1520878715.65402
                }, 
                {
                    "end_time": 1520878720.704033, 
                    "name": "push_l1", 
                    "py/object": "logger.ActionLog", 
                    "start_time": 1520878719.32078
                }, 
                {
                    "end_time": 1520878722.705164, 
                    "name": "push_l2", 
                    "py/object": "logger.ActionLog", 
                    "start_time": 1520878721.0872
                }
            ], 
            "attempt_num": 0, 
            "cur_action": null, 
            "end_time": 1520878722.705217, 
            "py/object": "logger.AttemptLog", 
            "results": [
                [
                    "frame", 
                    "door", 
                    "door_lock", 
                    "inactive0", 
                    "inactive1", 
                    "inactive2", 
                    "inactive3", 
                    "l2", 
                    "l0", 
                    "l1", 
                    "agent", 
                    "push_l0", 
                    "push_l2", 
                    "push_l1", 
                    "push_inactive0", 
                    "push_inactive1", 
                    "push_inactive2", 
                    "push_inactive3", 
                    "pull_l0", 
                    "pull_l2", 
                    "pull_l1", 
                    "pull_inactive0", 
                    "pull_inactive1", 
                    "pull_inactive2", 
                    "pull_inactive3", 
                    "push_door"
                ], 
                [
                    0, 
                    0, 
                    1, 
                    1, 
                    1, 
                    1, 
                    1, 
                    1, 
                    1, 
                    1, 
                    0, 
                    0, 
                    0, 
                    0, 
                    0, 
                    0, 
                    0, 
                    0, 
                    0, 
                    0, 
                    0, 
                    0, 
                    0, 
                    0, 
                    0, 
                    0
                ], 
                [
                    0, 
                    0, 
                    1, 
                    1, 
                    1, 
                    1, 
                    1, 
                    1, 
                    1, 
                    1, 
                    0, 
                    0, 
                    0, 
                    0, 
                    1, 
                    0, 
                    0, 
                    0, 
                    0, 
                    0, 
                    0, 
                    0, 
                    0, 
                    0, 
                    0, 
                    0
                ], 
                [
                    1, 
                    0, 
                    1, 
                    1, 
                    1, 
                    1, 
                    1, 
                    1, 
                    1, 
                    1, 
                    0, 
                    0, 
                    0, 
                    0, 
                    0, 
                    0, 
                    0, 
                    0, 
                    0, 
                    0, 
                    0, 
                    0, 
                    0, 
                    0, 
                    0, 
                    0
                ], 
                [
                    1, 
                    0, 
                    1, 
                    1, 
                    1, 
                    1, 
                    1, 
                    1, 
                    1, 
                    1, 
                    0, 
                    0, 
                    0, 
                    1, 
                    0, 
                    0, 
                    0, 
                    0, 
                    0, 
                    0, 
                    0, 
                    0, 
                    0, 
                    0, 
                    0, 
                    0
                ], 
                [
                    2, 
                    0, 
                    1, 
                    1, 
                    1, 
                    1, 
                    1, 
                    1, 
                    1, 
                    0, 
                    0, 
                    0, 
                    0, 
                    0, 
                    0, 
                    0, 
                    0, 
                    0, 
                    0, 
                    0, 
                    0, 
                    0, 
                    0, 
                    0, 
                    0, 
                    0
                ], 
                [
                    2, 
                    0, 
                    1, 
                    1, 
                    1, 
                    1, 
                    1, 
                    1, 
                    1, 
                    0, 
                    0, 
                    0, 
                    1, 
                    0, 
                    0, 
                    0, 
                    0, 
                    0, 
                    0, 
                    0, 
                    0, 
                    0, 
                    0, 
                    0, 
                    0, 
                    0
                ], 
                [
                    3, 
                    0, 
                    1, 
                    1, 
                    1, 
                    1, 
                    1, 
                    0, 
                    1, 
                    0, 
                    0, 
                    0, 
                    0, 
                    0, 
                    0, 
                    0, 
                    0, 
                    0, 
                    0, 
                    0, 
                    0, 
                    0, 
                    0, 
                    0, 
                    0, 
                    0
                ]
            ], 
            "start_time": 1520878711.335892, 
            "success": false
        }, 
        {
            "action_seq": [
                {
                    "end_time": 1520878727.020341, 
                    "name": "push_l1", 
                    "py/object": "logger.ActionLog", 
                    "start_time": 1520878724.437018
                }, 
                {
                    "end_time": 1520878730.037542, 
                    "name": "push_l0", 
                    "py/object": "logger.ActionLog", 
                    "start_time": 1520878727.453656
                }, 
                {
                    "end_time": 1520878731.669981, 
                    "name": "push_door", 
                    "py/object": "logger.ActionLog", 
                    "start_time": 1520878730.454097
                }
            ], 
            "attempt_num": 1, 
            "cur_action": null, 
            "end_time": 1520878731.670056, 
            "py/object": "logger.AttemptLog", 
            "results": [
                [
                    "frame", 
                    "door", 
                    "door_lock", 
                    "inactive0", 
                    "inactive1", 
                    "inactive2", 
                    "inactive3", 
                    "l2", 
                    "l0", 
                    "l1", 
                    "agent", 
                    "push_l0", 
                    "push_l2", 
                    "push_l1", 
                    "push_inactive0", 
                    "push_inactive1", 
                    "push_inactive2", 
                    "push_inactive3", 
                    "pull_l0", 
                    "pull_l2", 
                    "pull_l1", 
                    "pull_inactive0", 
                    "pull_inactive1", 
                    "pull_inactive2", 
                    "pull_inactive3", 
                    "push_door"
                ], 
                [
                    0, 
                    0, 
                    1, 
                    1, 
                    1, 
                    1, 
                    1, 
                    1, 
                    1, 
                    1, 
                    0, 
                    0, 
                    0, 
                    0, 
                    0, 
                    0, 
                    0, 
                    0, 
                    0, 
                    0, 
                    0, 
                    0, 
                    0, 
                    0, 
                    0, 
                    0
                ], 
                [
                    0, 
                    0, 
                    1, 
                    1, 
                    1, 
                    1, 
                    1, 
                    1, 
                    1, 
                    1, 
                    0, 
                    0, 
                    0, 
                    1, 
                    0, 
                    0, 
                    0, 
                    0, 
                    0, 
                    0, 
                    0, 
                    0, 
                    0, 
                    0, 
                    0, 
                    0
                ], 
                [
                    1, 
                    0, 
                    1, 
                    1, 
                    1, 
                    1, 
                    1, 
                    1, 
                    1, 
                    0, 
                    0, 
                    0, 
                    0, 
                    0, 
                    0, 
                    0, 
                    0, 
                    0, 
                    0, 
                    0, 
                    0, 
                    0, 
                    0, 
                    0, 
                    0, 
                    0
                ], 
                [
                    1, 
                    0, 
                    1, 
                    1, 
                    1, 
                    1, 
                    1, 
                    1, 
                    1, 
                    0, 
                    0, 
                    1, 
                    0, 
                    0, 
                    0, 
                    0, 
                    0, 
                    0, 
                    0, 
                    0, 
                    0, 
                    0, 
                    0, 
                    0, 
                    0, 
                    0
                ], 
                [
                    2, 
                    0, 
                    0, 
                    1, 
                    1, 
                    1, 
                    1, 
                    1, 
                    0, 
                    0, 
                    0, 
                    0, 
                    0, 
                    0, 
                    0, 
                    0, 
                    0, 
                    0, 
                    0, 
                    0, 
                    0, 
                    0, 
                    0, 
                    0, 
                    0, 
                    0
                ], 
                [
                    2, 
                    0, 
                    0, 
                    1, 
                    1, 
                    1, 
                    1, 
                    1, 
                    0, 
                    0, 
                    0, 
                    0, 
                    0, 
                    0, 
                    0, 
                    0, 
                    0, 
                    0, 
                    0, 
                    0, 
                    0, 
                    0, 
                    0, 
                    0, 
                    0, 
                    1
                ], 
                [
                    3, 
                    1, 
                    0, 
                    1, 
                    1, 
                    1, 
                    1, 
                    1, 
                    0, 
                    0, 
                    0, 
                    0, 
                    0, 
                    0, 
                    0, 
                    0, 
                    0, 
                    0, 
                    0, 
                    0, 
                    0, 
                    0, 
                    0, 
                    0, 
                    0, 
                    0
                ]
            ], 
            "start_time": 1520878722.719322, 
            "success": true
        }, 
        {
            "action_seq": [
                {
                    "end_time": 1520878738.47136, 
                    "name": "push_l2", 
                    "py/object": "logger.ActionLog", 
                    "start_time": 1520878736.370749
                }, 
                {
                    "end_time": 1520878740.271666, 
                    "name": "push_l0", 
                    "py/object": "logger.ActionLog", 
                    "start_time": 1520878738.653986
                }, 
                {
                    "end_time": 1520878742.304852, 
                    "name": "push_door", 
                    "py/object": "logger.ActionLog", 
                    "start_time": 1520878740.704016
                }
            ], 
            "attempt_num": 2, 
            "cur_action": null, 
            "end_time": 1520878742.304924, 
            "py/object": "logger.AttemptLog", 
            "results": [
                [
                    "frame", 
                    "door", 
                    "door_lock", 
                    "inactive0", 
                    "inactive1", 
                    "inactive2", 
                    "inactive3", 
                    "l2", 
                    "l0", 
                    "l1", 
                    "agent", 
                    "push_l0", 
                    "push_l2", 
                    "push_l1", 
                    "push_inactive0", 
                    "push_inactive1", 
                    "push_inactive2", 
                    "push_inactive3", 
                    "pull_l0", 
                    "pull_l2", 
                    "pull_l1", 
                    "pull_inactive0", 
                    "pull_inactive1", 
                    "pull_inactive2", 
                    "pull_inactive3", 
                    "push_door"
                ], 
                [
                    0, 
                    0, 
                    1, 
                    1, 
                    1, 
                    1, 
                    1, 
                    1, 
                    1, 
                    1, 
                    0, 
                    0, 
                    0, 
                    0, 
                    0, 
                    0, 
                    0, 
                    0, 
                    0, 
                    0, 
                    0, 
                    0, 
                    0, 
                    0, 
                    0, 
                    0
                ], 
                [
                    0, 
                    0, 
                    1, 
                    1, 
                    1, 
                    1, 
                    1, 
                    1, 
                    1, 
                    1, 
                    0, 
                    0, 
                    1, 
                    0, 
                    0, 
                    0, 
                    0, 
                    0, 
                    0, 
                    0, 
                    0, 
                    0, 
                    0, 
                    0, 
                    0, 
                    0
                ], 
                [
                    1, 
                    0, 
                    1, 
                    1, 
                    1, 
                    1, 
                    1, 
                    0, 
                    1, 
                    1, 
                    0, 
                    0, 
                    0, 
                    0, 
                    0, 
                    0, 
                    0, 
                    0, 
                    0, 
                    0, 
                    0, 
                    0, 
                    0, 
                    0, 
                    0, 
                    0
                ], 
                [
                    1, 
                    0, 
                    1, 
                    1, 
                    1, 
                    1, 
                    1, 
                    0, 
                    1, 
                    1, 
                    0, 
                    1, 
                    0, 
                    0, 
                    0, 
                    0, 
                    0, 
                    0, 
                    0, 
                    0, 
                    0, 
                    0, 
                    0, 
                    0, 
                    0, 
                    0
                ], 
                [
                    2, 
                    0, 
                    0, 
                    1, 
                    1, 
                    1, 
                    1, 
                    0, 
                    0, 
                    1, 
                    0, 
                    0, 
                    0, 
                    0, 
                    0, 
                    0, 
                    0, 
                    0, 
                    0, 
                    0, 
                    0, 
                    0, 
                    0, 
                    0, 
                    0, 
                    0
                ], 
                [
                    2, 
                    0, 
                    0, 
                    1, 
                    1, 
                    1, 
                    1, 
                    0, 
                    0, 
                    1, 
                    0, 
                    0, 
                    0, 
                    0, 
                    0, 
                    0, 
                    0, 
                    0, 
                    0, 
                    0, 
                    0, 
                    0, 
                    0, 
                    0, 
                    0, 
                    1
                ], 
                [
                    3, 
                    1, 
                    0, 
                    1, 
                    1, 
                    1, 
                    1, 
                    0, 
                    0, 
                    1, 
                    0, 
                    0, 
                    0, 
                    0, 
                    0, 
                    0, 
                    0, 
                    0, 
                    0, 
                    0, 
                    0, 
                    0, 
                    0, 
                    0, 
                    0, 
                    0
                ]
            ], 
            "start_time": 1520878735.702557, 
            "success": true
        }
    ], 
    "completed_solutions": [
        [
            {
                "end_time": 1520878727.020341, 
                "name": "push_l1", 
                "py/object": "logger.ActionLog", 
                "start_time": 1520878724.437018
            }, 
            {
                "end_time": 1520878730.037542, 
                "name": "push_l0", 
                "py/object": "logger.ActionLog", 
                "start_time": 1520878727.453656
            }, 
            {
                "end_time": 1520878731.669981, 
                "name": "push_door", 
                "py/object": "logger.ActionLog", 
                "start_time": 1520878730.454097
            }
        ], 
        [
            {
                "end_time": 1520878738.47136, 
                "name": "push_l2", 
                "py/object": "logger.ActionLog", 
                "start_time": 1520878736.370749
            }, 
            {
                "end_time": 1520878740.271666, 
                "name": "push_l0", 
                "py/object": "logger.ActionLog", 
                "start_time": 1520878738.653986
            }, 
            {
                "end_time": 1520878742.304852, 
                "name": "push_door", 
                "py/object": "logger.ActionLog", 
                "start_time": 1520878740.704016
            }
        ]
    ], 
    "cur_attempt": null, 
    "end_time": 1520878746.336077, 
    "name": "trial4", 
    "num_solutions_remaining": 0, 
    "py/object": "logger.TrialLog", 
    "scenario_name": "CE3", 
    "solution_found": [
        false, 
        true, 
        true
    ], 
    "solutions": [
        [
            {
                "name": "push_l2", 
                "py/object": "logger.ActionLog", 
                "start_time": null
            }, 
            {
                "name": "push_l0", 
                "py/object": "logger.ActionLog", 
                "start_time": null
            }, 
            {
                "name": "push_door", 
                "py/object": "logger.ActionLog", 
                "start_time": null
            }
        ], 
        [
            {
                "name": "push_l1", 
                "py/object": "logger.ActionLog", 
                "start_time": null
            }, 
            {
                "name": "push_l0", 
                "py/object": "logger.ActionLog", 
                "start_time": null
            }, 
            {
                "name": "push_door", 
                "py/object": "logger.ActionLog", 
                "start_time": null
            }
        ]
    ], 
    "start_time": 1520878711.335886, 
    "success": true
}