{
    "attempt_seq": [
        {
            "action_seq": [
                {
                    "end_time": 1520277657.96338, 
                    "name": "push_l1", 
                    "py/object": "logger.ActionLog", 
                    "start_time": 1520277656.244911
                }, 
                {
                    "end_time": 1520277661.296735, 
                    "name": "push_l3", 
                    "py/object": "logger.ActionLog", 
                    "start_time": 1520277658.911471
                }, 
                {
                    "end_time": 1520277668.180894, 
                    "name": "push_l0", 
                    "py/object": "logger.ActionLog", 
                    "start_time": 1520277665.611967
                }
            ], 
            "attempt_num": 0, 
            "cur_action": null, 
            "end_time": 1520277668.180943, 
            "py/object": "logger.AttemptLog", 
            "results": [
                [
                    "frame", 
                    "door", 
                    "door_lock", 
                    "inactive0", 
                    "inactive1", 
                    "inactive2", 
                    "l2", 
                    "l3", 
                    "l0", 
                    "l1", 
                    "agent", 
                    "push_l1", 
                    "push_inactive0", 
                    "push_l3", 
                    "push_inactive1", 
                    "push_l0", 
                    "push_inactive2", 
                    "push_l2", 
                    "pull_l1", 
                    "pull_inactive0", 
                    "pull_l3", 
                    "pull_inactive1", 
                    "pull_l0", 
                    "pull_inactive2", 
                    "pull_l2", 
                    "push_door"
                ], 
                [
                    0, 
                    0, 
                    1, 
                    1, 
                    1, 
                    1, 
                    1, 
                    1, 
                    1, 
                    1, 
                    0, 
                    0, 
                    0, 
                    0, 
                    0, 
                    0, 
                    0, 
                    0, 
                    0, 
                    0, 
                    0, 
                    0, 
                    0, 
                    0, 
                    0, 
                    0
                ], 
                [
                    0, 
                    0, 
                    1, 
                    1, 
                    1, 
                    1, 
                    1, 
                    1, 
                    1, 
                    1, 
                    0, 
                    1, 
                    0, 
                    0, 
                    0, 
                    0, 
                    0, 
                    0, 
                    0, 
                    0, 
                    0, 
                    0, 
                    0, 
                    0, 
                    0, 
                    0
                ], 
                [
                    1, 
                    0, 
                    1, 
                    1, 
                    1, 
                    1, 
                    1, 
                    1, 
                    1, 
                    0, 
                    0, 
                    0, 
                    0, 
                    0, 
                    0, 
                    0, 
                    0, 
                    0, 
                    0, 
                    0, 
                    0, 
                    0, 
                    0, 
                    0, 
                    0, 
                    0
                ], 
                [
                    1, 
                    0, 
                    1, 
                    1, 
                    1, 
                    1, 
                    1, 
                    1, 
                    1, 
                    0, 
                    0, 
                    0, 
                    0, 
                    1, 
                    0, 
                    0, 
                    0, 
                    0, 
                    0, 
                    0, 
                    0, 
                    0, 
                    0, 
                    0, 
                    0, 
                    0
                ], 
                [
                    2, 
                    0, 
                    1, 
                    1, 
                    1, 
                    1, 
                    1, 
                    0, 
                    1, 
                    0, 
                    0, 
                    0, 
                    0, 
                    0, 
                    0, 
                    0, 
                    0, 
                    0, 
                    0, 
                    0, 
                    0, 
                    0, 
                    0, 
                    0, 
                    0, 
                    0
                ], 
                [
                    2, 
                    0, 
                    1, 
                    1, 
                    1, 
                    1, 
                    1, 
                    0, 
                    1, 
                    0, 
                    0, 
                    0, 
                    0, 
                    0, 
                    0, 
                    1, 
                    0, 
                    0, 
                    0, 
                    0, 
                    0, 
                    0, 
                    0, 
                    0, 
                    0, 
                    0
                ], 
                [
                    3, 
                    0, 
                    0, 
                    1, 
                    1, 
                    1, 
                    1, 
                    0, 
                    0, 
                    0, 
                    0, 
                    0, 
                    0, 
                    0, 
                    0, 
                    0, 
                    0, 
                    0, 
                    0, 
                    0, 
                    0, 
                    0, 
                    0, 
                    0, 
                    0, 
                    0
                ]
            ], 
            "start_time": 1520277654.6124, 
            "success": false
        }, 
        {
            "action_seq": [
                {
                    "end_time": 1520277676.230077, 
                    "name": "push_l3", 
                    "py/object": "logger.ActionLog", 
                    "start_time": 1520277673.64531
                }, 
                {
                    "end_time": 1520277679.312718, 
                    "name": "push_l0", 
                    "py/object": "logger.ActionLog", 
                    "start_time": 1520277676.561943
                }, 
                {
                    "end_time": 1520277683.710482, 
                    "name": "push_door", 
                    "py/object": "logger.ActionLog", 
                    "start_time": 1520277680.011842
                }
            ], 
            "attempt_num": 1, 
            "cur_action": null, 
            "end_time": 1520277683.710552, 
            "py/object": "logger.AttemptLog", 
            "results": [
                [
                    "frame", 
                    "door", 
                    "door_lock", 
                    "inactive0", 
                    "inactive1", 
                    "inactive2", 
                    "l2", 
                    "l3", 
                    "l0", 
                    "l1", 
                    "agent", 
                    "push_l1", 
                    "push_inactive0", 
                    "push_l3", 
                    "push_inactive1", 
                    "push_l0", 
                    "push_inactive2", 
                    "push_l2", 
                    "pull_l1", 
                    "pull_inactive0", 
                    "pull_l3", 
                    "pull_inactive1", 
                    "pull_l0", 
                    "pull_inactive2", 
                    "pull_l2", 
                    "push_door"
                ], 
                [
                    0, 
                    0, 
                    1, 
                    1, 
                    1, 
                    1, 
                    1, 
                    1, 
                    1, 
                    1, 
                    0, 
                    0, 
                    0, 
                    0, 
                    0, 
                    0, 
                    0, 
                    0, 
                    0, 
                    0, 
                    0, 
                    0, 
                    0, 
                    0, 
                    0, 
                    0
                ], 
                [
                    0, 
                    0, 
                    1, 
                    1, 
                    1, 
                    1, 
                    1, 
                    1, 
                    1, 
                    1, 
                    0, 
                    0, 
                    0, 
                    1, 
                    0, 
                    0, 
                    0, 
                    0, 
                    0, 
                    0, 
                    0, 
                    0, 
                    0, 
                    0, 
                    0, 
                    0
                ], 
                [
                    1, 
                    0, 
                    1, 
                    1, 
                    1, 
                    1, 
                    1, 
                    0, 
                    1, 
                    1, 
                    0, 
                    0, 
                    0, 
                    0, 
                    0, 
                    0, 
                    0, 
                    0, 
                    0, 
                    0, 
                    0, 
                    0, 
                    0, 
                    0, 
                    0, 
                    0
                ], 
                [
                    1, 
                    0, 
                    1, 
                    1, 
                    1, 
                    1, 
                    1, 
                    0, 
                    1, 
                    1, 
                    0, 
                    0, 
                    0, 
                    0, 
                    0, 
                    1, 
                    0, 
                    0, 
                    0, 
                    0, 
                    0, 
                    0, 
                    0, 
                    0, 
                    0, 
                    0
                ], 
                [
                    2, 
                    0, 
                    0, 
                    1, 
                    1, 
                    1, 
                    1, 
                    0, 
                    0, 
                    1, 
                    0, 
                    0, 
                    0, 
                    0, 
                    0, 
                    0, 
                    0, 
                    0, 
                    0, 
                    0, 
                    0, 
                    0, 
                    0, 
                    0, 
                    0, 
                    0
                ], 
                [
                    2, 
                    0, 
                    0, 
                    1, 
                    1, 
                    1, 
                    1, 
                    0, 
                    0, 
                    1, 
                    0, 
                    0, 
                    0, 
                    0, 
                    0, 
                    0, 
                    0, 
                    0, 
                    0, 
                    0, 
                    0, 
                    0, 
                    0, 
                    0, 
                    0, 
                    1
                ], 
                [
                    3, 
                    1, 
                    0, 
                    1, 
                    1, 
                    1, 
                    1, 
                    0, 
                    0, 
                    1, 
                    0, 
                    0, 
                    0, 
                    0, 
                    0, 
                    0, 
                    0, 
                    0, 
                    0, 
                    0, 
                    0, 
                    0, 
                    0, 
                    0, 
                    0, 
                    0
                ]
            ], 
            "start_time": 1520277672.21072, 
            "success": true
        }, 
        {
            "action_seq": [
                {
                    "end_time": 1520277690.11266, 
                    "name": "push_l0", 
                    "py/object": "logger.ActionLog", 
                    "start_time": 1520277688.194871
                }, 
                {
                    "end_time": 1520277694.130542, 
                    "name": "push_l1", 
                    "py/object": "logger.ActionLog", 
                    "start_time": 1520277691.04521
                }, 
                {
                    "end_time": 1520277700.11346, 
                    "name": "push_l2", 
                    "py/object": "logger.ActionLog", 
                    "start_time": 1520277697.412025
                }
            ], 
            "attempt_num": 2, 
            "cur_action": null, 
            "end_time": 1520277700.113516, 
            "py/object": "logger.AttemptLog", 
            "results": [
                [
                    "frame", 
                    "door", 
                    "door_lock", 
                    "inactive0", 
                    "inactive1", 
                    "inactive2", 
                    "l2", 
                    "l3", 
                    "l0", 
                    "l1", 
                    "agent", 
                    "push_l1", 
                    "push_inactive0", 
                    "push_l3", 
                    "push_inactive1", 
                    "push_l0", 
                    "push_inactive2", 
                    "push_l2", 
                    "pull_l1", 
                    "pull_inactive0", 
                    "pull_l3", 
                    "pull_inactive1", 
                    "pull_l0", 
                    "pull_inactive2", 
                    "pull_l2", 
                    "push_door"
                ], 
                [
                    0, 
                    0, 
                    1, 
                    1, 
                    1, 
                    1, 
                    1, 
                    1, 
                    1, 
                    1, 
                    0, 
                    0, 
                    0, 
                    0, 
                    0, 
                    0, 
                    0, 
                    0, 
                    0, 
                    0, 
                    0, 
                    0, 
                    0, 
                    0, 
                    0, 
                    0
                ], 
                [
                    0, 
                    0, 
                    1, 
                    1, 
                    1, 
                    1, 
                    1, 
                    1, 
                    1, 
                    1, 
                    0, 
                    0, 
                    0, 
                    0, 
                    0, 
                    1, 
                    0, 
                    0, 
                    0, 
                    0, 
                    0, 
                    0, 
                    0, 
                    0, 
                    0, 
                    0
                ], 
                [
                    1, 
                    0, 
                    1, 
                    1, 
                    1, 
                    1, 
                    1, 
                    1, 
                    1, 
                    1, 
                    0, 
                    0, 
                    0, 
                    0, 
                    0, 
                    0, 
                    0, 
                    0, 
                    0, 
                    0, 
                    0, 
                    0, 
                    0, 
                    0, 
                    0, 
                    0
                ], 
                [
                    1, 
                    0, 
                    1, 
                    1, 
                    1, 
                    1, 
                    1, 
                    1, 
                    1, 
                    1, 
                    0, 
                    1, 
                    0, 
                    0, 
                    0, 
                    0, 
                    0, 
                    0, 
                    0, 
                    0, 
                    0, 
                    0, 
                    0, 
                    0, 
                    0, 
                    0
                ], 
                [
                    2, 
                    0, 
                    1, 
                    1, 
                    1, 
                    1, 
                    1, 
                    1, 
                    1, 
                    0, 
                    0, 
                    0, 
                    0, 
                    0, 
                    0, 
                    0, 
                    0, 
                    0, 
                    0, 
                    0, 
                    0, 
                    0, 
                    0, 
                    0, 
                    0, 
                    0
                ], 
                [
                    2, 
                    0, 
                    1, 
                    1, 
                    1, 
                    1, 
                    1, 
                    1, 
                    1, 
                    0, 
                    0, 
                    0, 
                    0, 
                    0, 
                    0, 
                    0, 
                    0, 
                    1, 
                    0, 
                    0, 
                    0, 
                    0, 
                    0, 
                    0, 
                    0, 
                    0
                ], 
                [
                    3, 
                    0, 
                    1, 
                    1, 
                    1, 
                    1, 
                    0, 
                    1, 
                    1, 
                    0, 
                    0, 
                    0, 
                    0, 
                    0, 
                    0, 
                    0, 
                    0, 
                    0, 
                    0, 
                    0, 
                    0, 
                    0, 
                    0, 
                    0, 
                    0, 
                    0
                ]
            ], 
            "start_time": 1520277687.744035, 
            "success": false
        }, 
        {
            "action_seq": [
                {
                    "end_time": 1520277704.26311, 
                    "name": "push_l2", 
                    "py/object": "logger.ActionLog", 
                    "start_time": 1520277702.595367
                }, 
                {
                    "end_time": 1520277707.39589, 
                    "name": "push_l1", 
                    "py/object": "logger.ActionLog", 
                    "start_time": 1520277704.828761
                }, 
                {
                    "end_time": 1520277713.28175, 
                    "name": "push_l0", 
                    "py/object": "logger.ActionLog", 
                    "start_time": 1520277710.078195
                }
            ], 
            "attempt_num": 3, 
            "cur_action": null, 
            "end_time": 1520277713.281807, 
            "py/object": "logger.AttemptLog", 
            "results": [
                [
                    "frame", 
                    "door", 
                    "door_lock", 
                    "inactive0", 
                    "inactive1", 
                    "inactive2", 
                    "l2", 
                    "l3", 
                    "l0", 
                    "l1", 
                    "agent", 
                    "push_l1", 
                    "push_inactive0", 
                    "push_l3", 
                    "push_inactive1", 
                    "push_l0", 
                    "push_inactive2", 
                    "push_l2", 
                    "pull_l1", 
                    "pull_inactive0", 
                    "pull_l3", 
                    "pull_inactive1", 
                    "pull_l0", 
                    "pull_inactive2", 
                    "pull_l2", 
                    "push_door"
                ], 
                [
                    0, 
                    0, 
                    1, 
                    1, 
                    1, 
                    1, 
                    1, 
                    1, 
                    1, 
                    1, 
                    0, 
                    0, 
                    0, 
                    0, 
                    0, 
                    0, 
                    0, 
                    0, 
                    0, 
                    0, 
                    0, 
                    0, 
                    0, 
                    0, 
                    0, 
                    0
                ], 
                [
                    0, 
                    0, 
                    1, 
                    1, 
                    1, 
                    1, 
                    1, 
                    1, 
                    1, 
                    1, 
                    0, 
                    0, 
                    0, 
                    0, 
                    0, 
                    0, 
                    0, 
                    1, 
                    0, 
                    0, 
                    0, 
                    0, 
                    0, 
                    0, 
                    0, 
                    0
                ], 
                [
                    1, 
                    0, 
                    1, 
                    1, 
                    1, 
                    1, 
                    0, 
                    1, 
                    1, 
                    1, 
                    0, 
                    0, 
                    0, 
                    0, 
                    0, 
                    0, 
                    0, 
                    0, 
                    0, 
                    0, 
                    0, 
                    0, 
                    0, 
                    0, 
                    0, 
                    0
                ], 
                [
                    1, 
                    0, 
                    1, 
                    1, 
                    1, 
                    1, 
                    0, 
                    1, 
                    1, 
                    1, 
                    0, 
                    1, 
                    0, 
                    0, 
                    0, 
                    0, 
                    0, 
                    0, 
                    0, 
                    0, 
                    0, 
                    0, 
                    0, 
                    0, 
                    0, 
                    0
                ], 
                [
                    2, 
                    0, 
                    1, 
                    1, 
                    1, 
                    1, 
                    0, 
                    1, 
                    1, 
                    0, 
                    0, 
                    0, 
                    0, 
                    0, 
                    0, 
                    0, 
                    0, 
                    0, 
                    0, 
                    0, 
                    0, 
                    0, 
                    0, 
                    0, 
                    0, 
                    0
                ], 
                [
                    2, 
                    0, 
                    1, 
                    1, 
                    1, 
                    1, 
                    0, 
                    1, 
                    1, 
                    0, 
                    0, 
                    0, 
                    0, 
                    0, 
                    0, 
                    1, 
                    0, 
                    0, 
                    0, 
                    0, 
                    0, 
                    0, 
                    0, 
                    0, 
                    0, 
                    0
                ], 
                [
                    3, 
                    0, 
                    0, 
                    1, 
                    1, 
                    1, 
                    0, 
                    1, 
                    0, 
                    0, 
                    0, 
                    0, 
                    0, 
                    0, 
                    0, 
                    0, 
                    0, 
                    0, 
                    0, 
                    0, 
                    0, 
                    0, 
                    0, 
                    0, 
                    0, 
                    0
                ]
            ], 
            "start_time": 1520277700.127444, 
            "success": false
        }, 
        {
            "action_seq": [
                {
                    "end_time": 1520277719.463427, 
                    "name": "push_l2", 
                    "py/object": "logger.ActionLog", 
                    "start_time": 1520277717.795295
                }, 
                {
                    "end_time": 1520277721.764852, 
                    "name": "push_l0", 
                    "py/object": "logger.ActionLog", 
                    "start_time": 1520277719.478625
                }, 
                {
                    "end_time": 1520277725.247504, 
                    "name": "push_door", 
                    "py/object": "logger.ActionLog", 
                    "start_time": 1520277722.39524
                }
            ], 
            "attempt_num": 4, 
            "cur_action": null, 
            "end_time": 1520277725.247577, 
            "py/object": "logger.AttemptLog", 
            "results": [
                [
                    "frame", 
                    "door", 
                    "door_lock", 
                    "inactive0", 
                    "inactive1", 
                    "inactive2", 
                    "l2", 
                    "l3", 
                    "l0", 
                    "l1", 
                    "agent", 
                    "push_l1", 
                    "push_inactive0", 
                    "push_l3", 
                    "push_inactive1", 
                    "push_l0", 
                    "push_inactive2", 
                    "push_l2", 
                    "pull_l1", 
                    "pull_inactive0", 
                    "pull_l3", 
                    "pull_inactive1", 
                    "pull_l0", 
                    "pull_inactive2", 
                    "pull_l2", 
                    "push_door"
                ], 
                [
                    0, 
                    0, 
                    1, 
                    1, 
                    1, 
                    1, 
                    1, 
                    1, 
                    1, 
                    1, 
                    0, 
                    0, 
                    0, 
                    0, 
                    0, 
                    0, 
                    0, 
                    0, 
                    0, 
                    0, 
                    0, 
                    0, 
                    0, 
                    0, 
                    0, 
                    0
                ], 
                [
                    0, 
                    0, 
                    1, 
                    1, 
                    1, 
                    1, 
                    1, 
                    1, 
                    1, 
                    1, 
                    0, 
                    0, 
                    0, 
                    0, 
                    0, 
                    0, 
                    0, 
                    1, 
                    0, 
                    0, 
                    0, 
                    0, 
                    0, 
                    0, 
                    0, 
                    0
                ], 
                [
                    1, 
                    0, 
                    1, 
                    1, 
                    1, 
                    1, 
                    0, 
                    1, 
                    1, 
                    1, 
                    0, 
                    0, 
                    0, 
                    0, 
                    0, 
                    0, 
                    0, 
                    0, 
                    0, 
                    0, 
                    0, 
                    0, 
                    0, 
                    0, 
                    0, 
                    0
                ], 
                [
                    1, 
                    0, 
                    1, 
                    1, 
                    1, 
                    1, 
                    0, 
                    1, 
                    1, 
                    1, 
                    0, 
                    0, 
                    0, 
                    0, 
                    0, 
                    1, 
                    0, 
                    0, 
                    0, 
                    0, 
                    0, 
                    0, 
                    0, 
                    0, 
                    0, 
                    0
                ], 
                [
                    2, 
                    0, 
                    0, 
                    1, 
                    1, 
                    1, 
                    0, 
                    1, 
                    0, 
                    1, 
                    0, 
                    0, 
                    0, 
                    0, 
                    0, 
                    0, 
                    0, 
                    0, 
                    0, 
                    0, 
                    0, 
                    0, 
                    0, 
                    0, 
                    0, 
                    0
                ], 
                [
                    2, 
                    0, 
                    0, 
                    1, 
                    1, 
                    1, 
                    0, 
                    1, 
                    0, 
                    1, 
                    0, 
                    0, 
                    0, 
                    0, 
                    0, 
                    0, 
                    0, 
                    0, 
                    0, 
                    0, 
                    0, 
                    0, 
                    0, 
                    0, 
                    0, 
                    1
                ], 
                [
                    3, 
                    1, 
                    0, 
                    1, 
                    1, 
                    1, 
                    0, 
                    1, 
                    0, 
                    1, 
                    0, 
                    0, 
                    0, 
                    0, 
                    0, 
                    0, 
                    0, 
                    0, 
                    0, 
                    0, 
                    0, 
                    0, 
                    0, 
                    0, 
                    0, 
                    0
                ]
            ], 
            "start_time": 1520277717.310813, 
            "success": true
        }, 
        {
            "action_seq": [
                {
                    "end_time": 1520277732.830281, 
                    "name": "push_l3", 
                    "py/object": "logger.ActionLog", 
                    "start_time": 1520277730.245417
                }, 
                {
                    "end_time": 1520277736.379262, 
                    "name": "push_l2", 
                    "py/object": "logger.ActionLog", 
                    "start_time": 1520277733.512148
                }, 
                {
                    "end_time": 1520277739.336211, 
                    "name": "pull_l2", 
                    "py/object": "logger.ActionLog", 
                    "start_time": 1520277738.445432
                }
            ], 
            "attempt_num": 5, 
            "cur_action": null, 
            "end_time": 1520277739.336277, 
            "py/object": "logger.AttemptLog", 
            "results": [
                [
                    "frame", 
                    "door", 
                    "door_lock", 
                    "inactive0", 
                    "inactive1", 
                    "inactive2", 
                    "l2", 
                    "l3", 
                    "l0", 
                    "l1", 
                    "agent", 
                    "push_l1", 
                    "push_inactive0", 
                    "push_l3", 
                    "push_inactive1", 
                    "push_l0", 
                    "push_inactive2", 
                    "push_l2", 
                    "pull_l1", 
                    "pull_inactive0", 
                    "pull_l3", 
                    "pull_inactive1", 
                    "pull_l0", 
                    "pull_inactive2", 
                    "pull_l2", 
                    "push_door"
                ], 
                [
                    0, 
                    0, 
                    1, 
                    1, 
                    1, 
                    1, 
                    1, 
                    1, 
                    1, 
                    1, 
                    0, 
                    0, 
                    0, 
                    0, 
                    0, 
                    0, 
                    0, 
                    0, 
                    0, 
                    0, 
                    0, 
                    0, 
                    0, 
                    0, 
                    0, 
                    0
                ], 
                [
                    0, 
                    0, 
                    1, 
                    1, 
                    1, 
                    1, 
                    1, 
                    1, 
                    1, 
                    1, 
                    0, 
                    0, 
                    0, 
                    1, 
                    0, 
                    0, 
                    0, 
                    0, 
                    0, 
                    0, 
                    0, 
                    0, 
                    0, 
                    0, 
                    0, 
                    0
                ], 
                [
                    1, 
                    0, 
                    1, 
                    1, 
                    1, 
                    1, 
                    1, 
                    0, 
                    1, 
                    1, 
                    0, 
                    0, 
                    0, 
                    0, 
                    0, 
                    0, 
                    0, 
                    0, 
                    0, 
                    0, 
                    0, 
                    0, 
                    0, 
                    0, 
                    0, 
                    0
                ], 
                [
                    1, 
                    0, 
                    1, 
                    1, 
                    1, 
                    1, 
                    1, 
                    0, 
                    1, 
                    1, 
                    0, 
                    0, 
                    0, 
                    0, 
                    0, 
                    0, 
                    0, 
                    1, 
                    0, 
                    0, 
                    0, 
                    0, 
                    0, 
                    0, 
                    0, 
                    0
                ], 
                [
                    2, 
                    0, 
                    1, 
                    1, 
                    1, 
                    1, 
                    0, 
                    0, 
                    1, 
                    1, 
                    0, 
                    0, 
                    0, 
                    0, 
                    0, 
                    0, 
                    0, 
                    0, 
                    0, 
                    0, 
                    0, 
                    0, 
                    0, 
                    0, 
                    0, 
                    0
                ], 
                [
                    2, 
                    0, 
                    1, 
                    1, 
                    1, 
                    1, 
                    0, 
                    0, 
                    1, 
                    1, 
                    0, 
                    0, 
                    0, 
                    0, 
                    0, 
                    0, 
                    0, 
                    0, 
                    0, 
                    0, 
                    0, 
                    0, 
                    0, 
                    0, 
                    1, 
                    0
                ], 
                [
                    3, 
                    0, 
                    1, 
                    1, 
                    1, 
                    1, 
                    1, 
                    0, 
                    1, 
                    1, 
                    0, 
                    0, 
                    0, 
                    0, 
                    0, 
                    0, 
                    0, 
                    0, 
                    0, 
                    0, 
                    0, 
                    0, 
                    0, 
                    0, 
                    0, 
                    0
                ]
            ], 
            "start_time": 1520277729.27751, 
            "success": false
        }, 
        {
            "action_seq": [
                {
                    "end_time": 1520277743.963601, 
                    "name": "push_l3", 
                    "py/object": "logger.ActionLog", 
                    "start_time": 1520277741.378508
                }, 
                {
                    "end_time": 1520277746.695969, 
                    "name": "push_l1", 
                    "py/object": "logger.ActionLog", 
                    "start_time": 1520277744.078719
                }, 
                {
                    "end_time": 1520277751.697658, 
                    "name": "push_l0", 
                    "py/object": "logger.ActionLog", 
                    "start_time": 1520277748.762202
                }
            ], 
            "attempt_num": 6, 
            "cur_action": null, 
            "end_time": 1520277751.697715, 
            "py/object": "logger.AttemptLog", 
            "results": [
                [
                    "frame", 
                    "door", 
                    "door_lock", 
                    "inactive0", 
                    "inactive1", 
                    "inactive2", 
                    "l2", 
                    "l3", 
                    "l0", 
                    "l1", 
                    "agent", 
                    "push_l1", 
                    "push_inactive0", 
                    "push_l3", 
                    "push_inactive1", 
                    "push_l0", 
                    "push_inactive2", 
                    "push_l2", 
                    "pull_l1", 
                    "pull_inactive0", 
                    "pull_l3", 
                    "pull_inactive1", 
                    "pull_l0", 
                    "pull_inactive2", 
                    "pull_l2", 
                    "push_door"
                ], 
                [
                    0, 
                    0, 
                    1, 
                    1, 
                    1, 
                    1, 
                    1, 
                    1, 
                    1, 
                    1, 
                    0, 
                    0, 
                    0, 
                    0, 
                    0, 
                    0, 
                    0, 
                    0, 
                    0, 
                    0, 
                    0, 
                    0, 
                    0, 
                    0, 
                    0, 
                    0
                ], 
                [
                    0, 
                    0, 
                    1, 
                    1, 
                    1, 
                    1, 
                    1, 
                    1, 
                    1, 
                    1, 
                    0, 
                    0, 
                    0, 
                    1, 
                    0, 
                    0, 
                    0, 
                    0, 
                    0, 
                    0, 
                    0, 
                    0, 
                    0, 
                    0, 
                    0, 
                    0
                ], 
                [
                    1, 
                    0, 
                    1, 
                    1, 
                    1, 
                    1, 
                    1, 
                    0, 
                    1, 
                    1, 
                    0, 
                    0, 
                    0, 
                    0, 
                    0, 
                    0, 
                    0, 
                    0, 
                    0, 
                    0, 
                    0, 
                    0, 
                    0, 
                    0, 
                    0, 
                    0
                ], 
                [
                    1, 
                    0, 
                    1, 
                    1, 
                    1, 
                    1, 
                    1, 
                    0, 
                    1, 
                    1, 
                    0, 
                    1, 
                    0, 
                    0, 
                    0, 
                    0, 
                    0, 
                    0, 
                    0, 
                    0, 
                    0, 
                    0, 
                    0, 
                    0, 
                    0, 
                    0
                ], 
                [
                    2, 
                    0, 
                    1, 
                    1, 
                    1, 
                    1, 
                    1, 
                    0, 
                    1, 
                    0, 
                    0, 
                    0, 
                    0, 
                    0, 
                    0, 
                    0, 
                    0, 
                    0, 
                    0, 
                    0, 
                    0, 
                    0, 
                    0, 
                    0, 
                    0, 
                    0
                ], 
                [
                    2, 
                    0, 
                    1, 
                    1, 
                    1, 
                    1, 
                    1, 
                    0, 
                    1, 
                    0, 
                    0, 
                    0, 
                    0, 
                    0, 
                    0, 
                    1, 
                    0, 
                    0, 
                    0, 
                    0, 
                    0, 
                    0, 
                    0, 
                    0, 
                    0, 
                    0
                ], 
                [
                    3, 
                    0, 
                    0, 
                    1, 
                    1, 
                    1, 
                    1, 
                    0, 
                    0, 
                    0, 
                    0, 
                    0, 
                    0, 
                    0, 
                    0, 
                    0, 
                    0, 
                    0, 
                    0, 
                    0, 
                    0, 
                    0, 
                    0, 
                    0, 
                    0, 
                    0
                ]
            ], 
            "start_time": 1520277739.360286, 
            "success": false
        }, 
        {
            "action_seq": [
                {
                    "end_time": 1520277758.228952, 
                    "name": "push_l0", 
                    "py/object": "logger.ActionLog", 
                    "start_time": 1520277756.312123
                }, 
                {
                    "end_time": 1520277761.596915, 
                    "name": "push_l3", 
                    "py/object": "logger.ActionLog", 
                    "start_time": 1520277759.612072
                }, 
                {
                    "end_time": 1520277764.62789, 
                    "name": "push_inactive0", 
                    "py/object": "logger.ActionLog", 
                    "start_time": 1520277763.111945
                }
            ], 
            "attempt_num": 7, 
            "cur_action": null, 
            "end_time": 1520277764.627948, 
            "py/object": "logger.AttemptLog", 
            "results": [
                [
                    "frame", 
                    "door", 
                    "door_lock", 
                    "inactive0", 
                    "inactive1", 
                    "inactive2", 
                    "l2", 
                    "l3", 
                    "l0", 
                    "l1", 
                    "agent", 
                    "push_l1", 
                    "push_inactive0", 
                    "push_l3", 
                    "push_inactive1", 
                    "push_l0", 
                    "push_inactive2", 
                    "push_l2", 
                    "pull_l1", 
                    "pull_inactive0", 
                    "pull_l3", 
                    "pull_inactive1", 
                    "pull_l0", 
                    "pull_inactive2", 
                    "pull_l2", 
                    "push_door"
                ], 
                [
                    0, 
                    0, 
                    1, 
                    1, 
                    1, 
                    1, 
                    1, 
                    1, 
                    1, 
                    1, 
                    0, 
                    0, 
                    0, 
                    0, 
                    0, 
                    0, 
                    0, 
                    0, 
                    0, 
                    0, 
                    0, 
                    0, 
                    0, 
                    0, 
                    0, 
                    0
                ], 
                [
                    0, 
                    0, 
                    1, 
                    1, 
                    1, 
                    1, 
                    1, 
                    1, 
                    1, 
                    1, 
                    0, 
                    0, 
                    0, 
                    0, 
                    0, 
                    1, 
                    0, 
                    0, 
                    0, 
                    0, 
                    0, 
                    0, 
                    0, 
                    0, 
                    0, 
                    0
                ], 
                [
                    1, 
                    0, 
                    1, 
                    1, 
                    1, 
                    1, 
                    1, 
                    1, 
                    1, 
                    1, 
                    0, 
                    0, 
                    0, 
                    0, 
                    0, 
                    0, 
                    0, 
                    0, 
                    0, 
                    0, 
                    0, 
                    0, 
                    0, 
                    0, 
                    0, 
                    0
                ], 
                [
                    1, 
                    0, 
                    1, 
                    1, 
                    1, 
                    1, 
                    1, 
                    1, 
                    1, 
                    1, 
                    0, 
                    0, 
                    0, 
                    1, 
                    0, 
                    0, 
                    0, 
                    0, 
                    0, 
                    0, 
                    0, 
                    0, 
                    0, 
                    0, 
                    0, 
                    0
                ], 
                [
                    2, 
                    0, 
                    1, 
                    1, 
                    1, 
                    1, 
                    1, 
                    0, 
                    1, 
                    1, 
                    0, 
                    0, 
                    0, 
                    0, 
                    0, 
                    0, 
                    0, 
                    0, 
                    0, 
                    0, 
                    0, 
                    0, 
                    0, 
                    0, 
                    0, 
                    0
                ], 
                [
                    2, 
                    0, 
                    1, 
                    1, 
                    1, 
                    1, 
                    1, 
                    0, 
                    1, 
                    1, 
                    0, 
                    0, 
                    1, 
                    0, 
                    0, 
                    0, 
                    0, 
                    0, 
                    0, 
                    0, 
                    0, 
                    0, 
                    0, 
                    0, 
                    0, 
                    0
                ], 
                [
                    3, 
                    0, 
                    1, 
                    1, 
                    1, 
                    1, 
                    1, 
                    0, 
                    1, 
                    1, 
                    0, 
                    0, 
                    0, 
                    0, 
                    0, 
                    0, 
                    0, 
                    0, 
                    0, 
                    0, 
                    0, 
                    0, 
                    0, 
                    0, 
                    0, 
                    0
                ]
            ], 
            "start_time": 1520277755.72724, 
            "success": false
        }, 
        {
            "action_seq": [
                {
                    "end_time": 1520277767.180351, 
                    "name": "push_l1", 
                    "py/object": "logger.ActionLog", 
                    "start_time": 1520277765.46161
                }, 
                {
                    "end_time": 1520277770.313693, 
                    "name": "push_l3", 
                    "py/object": "logger.ActionLog", 
                    "start_time": 1520277767.912182
                }, 
                {
                    "end_time": 1520277775.798434, 
                    "name": "push_l2", 
                    "py/object": "logger.ActionLog", 
                    "start_time": 1520277772.512293
                }
            ], 
            "attempt_num": 8, 
            "cur_action": null, 
            "end_time": 1520277775.79849, 
            "py/object": "logger.AttemptLog", 
            "results": [
                [
                    "frame", 
                    "door", 
                    "door_lock", 
                    "inactive0", 
                    "inactive1", 
                    "inactive2", 
                    "l2", 
                    "l3", 
                    "l0", 
                    "l1", 
                    "agent", 
                    "push_l1", 
                    "push_inactive0", 
                    "push_l3", 
                    "push_inactive1", 
                    "push_l0", 
                    "push_inactive2", 
                    "push_l2", 
                    "pull_l1", 
                    "pull_inactive0", 
                    "pull_l3", 
                    "pull_inactive1", 
                    "pull_l0", 
                    "pull_inactive2", 
                    "pull_l2", 
                    "push_door"
                ], 
                [
                    0, 
                    0, 
                    1, 
                    1, 
                    1, 
                    1, 
                    1, 
                    1, 
                    1, 
                    1, 
                    0, 
                    0, 
                    0, 
                    0, 
                    0, 
                    0, 
                    0, 
                    0, 
                    0, 
                    0, 
                    0, 
                    0, 
                    0, 
                    0, 
                    0, 
                    0
                ], 
                [
                    0, 
                    0, 
                    1, 
                    1, 
                    1, 
                    1, 
                    1, 
                    1, 
                    1, 
                    1, 
                    0, 
                    1, 
                    0, 
                    0, 
                    0, 
                    0, 
                    0, 
                    0, 
                    0, 
                    0, 
                    0, 
                    0, 
                    0, 
                    0, 
                    0, 
                    0
                ], 
                [
                    1, 
                    0, 
                    1, 
                    1, 
                    1, 
                    1, 
                    1, 
                    1, 
                    1, 
                    0, 
                    0, 
                    0, 
                    0, 
                    0, 
                    0, 
                    0, 
                    0, 
                    0, 
                    0, 
                    0, 
                    0, 
                    0, 
                    0, 
                    0, 
                    0, 
                    0
                ], 
                [
                    1, 
                    0, 
                    1, 
                    1, 
                    1, 
                    1, 
                    1, 
                    1, 
                    1, 
                    0, 
                    0, 
                    0, 
                    0, 
                    1, 
                    0, 
                    0, 
                    0, 
                    0, 
                    0, 
                    0, 
                    0, 
                    0, 
                    0, 
                    0, 
                    0, 
                    0
                ], 
                [
                    2, 
                    0, 
                    1, 
                    1, 
                    1, 
                    1, 
                    1, 
                    0, 
                    1, 
                    0, 
                    0, 
                    0, 
                    0, 
                    0, 
                    0, 
                    0, 
                    0, 
                    0, 
                    0, 
                    0, 
                    0, 
                    0, 
                    0, 
                    0, 
                    0, 
                    0
                ], 
                [
                    2, 
                    0, 
                    1, 
                    1, 
                    1, 
                    1, 
                    1, 
                    0, 
                    1, 
                    0, 
                    0, 
                    0, 
                    0, 
                    0, 
                    0, 
                    0, 
                    0, 
                    1, 
                    0, 
                    0, 
                    0, 
                    0, 
                    0, 
                    0, 
                    0, 
                    0
                ], 
                [
                    3, 
                    0, 
                    1, 
                    1, 
                    1, 
                    1, 
                    0, 
                    0, 
                    1, 
                    0, 
                    0, 
                    0, 
                    0, 
                    0, 
                    0, 
                    0, 
                    0, 
                    0, 
                    0, 
                    0, 
                    0, 
                    0, 
                    0, 
                    0, 
                    0, 
                    0
                ]
            ], 
            "start_time": 1520277764.644247, 
            "success": false
        }, 
        {
            "action_seq": [
                {
                    "end_time": 1520277778.73014, 
                    "name": "push_l2", 
                    "py/object": "logger.ActionLog", 
                    "start_time": 1520277777.062055
                }, 
                {
                    "end_time": 1520277782.09603, 
                    "name": "push_l1", 
                    "py/object": "logger.ActionLog", 
                    "start_time": 1520277779.578725
                }, 
                {
                    "end_time": 1520277787.86517, 
                    "name": "push_l0", 
                    "py/object": "logger.ActionLog", 
                    "start_time": 1520277784.662084
                }
            ], 
            "attempt_num": 9, 
            "cur_action": null, 
            "end_time": 1520277787.865229, 
            "py/object": "logger.AttemptLog", 
            "results": [
                [
                    "frame", 
                    "door", 
                    "door_lock", 
                    "inactive0", 
                    "inactive1", 
                    "inactive2", 
                    "l2", 
                    "l3", 
                    "l0", 
                    "l1", 
                    "agent", 
                    "push_l1", 
                    "push_inactive0", 
                    "push_l3", 
                    "push_inactive1", 
                    "push_l0", 
                    "push_inactive2", 
                    "push_l2", 
                    "pull_l1", 
                    "pull_inactive0", 
                    "pull_l3", 
                    "pull_inactive1", 
                    "pull_l0", 
                    "pull_inactive2", 
                    "pull_l2", 
                    "push_door"
                ], 
                [
                    0, 
                    0, 
                    1, 
                    1, 
                    1, 
                    1, 
                    1, 
                    1, 
                    1, 
                    1, 
                    0, 
                    0, 
                    0, 
                    0, 
                    0, 
                    0, 
                    0, 
                    0, 
                    0, 
                    0, 
                    0, 
                    0, 
                    0, 
                    0, 
                    0, 
                    0
                ], 
                [
                    0, 
                    0, 
                    1, 
                    1, 
                    1, 
                    1, 
                    1, 
                    1, 
                    1, 
                    1, 
                    0, 
                    0, 
                    0, 
                    0, 
                    0, 
                    0, 
                    0, 
                    1, 
                    0, 
                    0, 
                    0, 
                    0, 
                    0, 
                    0, 
                    0, 
                    0
                ], 
                [
                    1, 
                    0, 
                    1, 
                    1, 
                    1, 
                    1, 
                    0, 
                    1, 
                    1, 
                    1, 
                    0, 
                    0, 
                    0, 
                    0, 
                    0, 
                    0, 
                    0, 
                    0, 
                    0, 
                    0, 
                    0, 
                    0, 
                    0, 
                    0, 
                    0, 
                    0
                ], 
                [
                    1, 
                    0, 
                    1, 
                    1, 
                    1, 
                    1, 
                    0, 
                    1, 
                    1, 
                    1, 
                    0, 
                    1, 
                    0, 
                    0, 
                    0, 
                    0, 
                    0, 
                    0, 
                    0, 
                    0, 
                    0, 
                    0, 
                    0, 
                    0, 
                    0, 
                    0
                ], 
                [
                    2, 
                    0, 
                    1, 
                    1, 
                    1, 
                    1, 
                    0, 
                    1, 
                    1, 
                    0, 
                    0, 
                    0, 
                    0, 
                    0, 
                    0, 
                    0, 
                    0, 
                    0, 
                    0, 
                    0, 
                    0, 
                    0, 
                    0, 
                    0, 
                    0, 
                    0
                ], 
                [
                    2, 
                    0, 
                    1, 
                    1, 
                    1, 
                    1, 
                    0, 
                    1, 
                    1, 
                    0, 
                    0, 
                    0, 
                    0, 
                    0, 
                    0, 
                    1, 
                    0, 
                    0, 
                    0, 
                    0, 
                    0, 
                    0, 
                    0, 
                    0, 
                    0, 
                    0
                ], 
                [
                    3, 
                    0, 
                    0, 
                    1, 
                    1, 
                    1, 
                    0, 
                    1, 
                    0, 
                    0, 
                    0, 
                    0, 
                    0, 
                    0, 
                    0, 
                    0, 
                    0, 
                    0, 
                    0, 
                    0, 
                    0, 
                    0, 
                    0, 
                    0, 
                    0, 
                    0
                ]
            ], 
            "start_time": 1520277775.810949, 
            "success": false
        }, 
        {
            "action_seq": [
                {
                    "end_time": 1520277794.395609, 
                    "name": "push_l1", 
                    "py/object": "logger.ActionLog", 
                    "start_time": 1520277792.678776
                }, 
                {
                    "end_time": 1520277798.563397, 
                    "name": "push_l0", 
                    "py/object": "logger.ActionLog", 
                    "start_time": 1520277795.411662
                }, 
                {
                    "end_time": 1520277802.128197, 
                    "name": "push_door", 
                    "py/object": "logger.ActionLog", 
                    "start_time": 1520277799.09535
                }
            ], 
            "attempt_num": 10, 
            "cur_action": null, 
            "end_time": 1520277802.128269, 
            "py/object": "logger.AttemptLog", 
            "results": [
                [
                    "frame", 
                    "door", 
                    "door_lock", 
                    "inactive0", 
                    "inactive1", 
                    "inactive2", 
                    "l2", 
                    "l3", 
                    "l0", 
                    "l1", 
                    "agent", 
                    "push_l1", 
                    "push_inactive0", 
                    "push_l3", 
                    "push_inactive1", 
                    "push_l0", 
                    "push_inactive2", 
                    "push_l2", 
                    "pull_l1", 
                    "pull_inactive0", 
                    "pull_l3", 
                    "pull_inactive1", 
                    "pull_l0", 
                    "pull_inactive2", 
                    "pull_l2", 
                    "push_door"
                ], 
                [
                    0, 
                    0, 
                    1, 
                    1, 
                    1, 
                    1, 
                    1, 
                    1, 
                    1, 
                    1, 
                    0, 
                    0, 
                    0, 
                    0, 
                    0, 
                    0, 
                    0, 
                    0, 
                    0, 
                    0, 
                    0, 
                    0, 
                    0, 
                    0, 
                    0, 
                    0
                ], 
                [
                    0, 
                    0, 
                    1, 
                    1, 
                    1, 
                    1, 
                    1, 
                    1, 
                    1, 
                    1, 
                    0, 
                    1, 
                    0, 
                    0, 
                    0, 
                    0, 
                    0, 
                    0, 
                    0, 
                    0, 
                    0, 
                    0, 
                    0, 
                    0, 
                    0, 
                    0
                ], 
                [
                    1, 
                    0, 
                    1, 
                    1, 
                    1, 
                    1, 
                    1, 
                    1, 
                    1, 
                    0, 
                    0, 
                    0, 
                    0, 
                    0, 
                    0, 
                    0, 
                    0, 
                    0, 
                    0, 
                    0, 
                    0, 
                    0, 
                    0, 
                    0, 
                    0, 
                    0
                ], 
                [
                    1, 
                    0, 
                    1, 
                    1, 
                    1, 
                    1, 
                    1, 
                    1, 
                    1, 
                    0, 
                    0, 
                    0, 
                    0, 
                    0, 
                    0, 
                    1, 
                    0, 
                    0, 
                    0, 
                    0, 
                    0, 
                    0, 
                    0, 
                    0, 
                    0, 
                    0
                ], 
                [
                    2, 
                    0, 
                    0, 
                    1, 
                    1, 
                    1, 
                    1, 
                    1, 
                    0, 
                    0, 
                    0, 
                    0, 
                    0, 
                    0, 
                    0, 
                    0, 
                    0, 
                    0, 
                    0, 
                    0, 
                    0, 
                    0, 
                    0, 
                    0, 
                    0, 
                    0
                ], 
                [
                    2, 
                    0, 
                    0, 
                    1, 
                    1, 
                    1, 
                    1, 
                    1, 
                    0, 
                    0, 
                    0, 
                    0, 
                    0, 
                    0, 
                    0, 
                    0, 
                    0, 
                    0, 
                    0, 
                    0, 
                    0, 
                    0, 
                    0, 
                    0, 
                    0, 
                    1
                ], 
                [
                    3, 
                    1, 
                    0, 
                    1, 
                    1, 
                    1, 
                    1, 
                    1, 
                    0, 
                    0, 
                    0, 
                    0, 
                    0, 
                    0, 
                    0, 
                    0, 
                    0, 
                    0, 
                    0, 
                    0, 
                    0, 
                    0, 
                    0, 
                    0, 
                    0, 
                    0
                ]
            ], 
            "start_time": 1520277791.89431, 
            "success": true
        }
    ], 
    "completed_solutions": [
        [
            {
                "end_time": 1520277676.230077, 
                "name": "push_l3", 
                "py/object": "logger.ActionLog", 
                "start_time": 1520277673.64531
            }, 
            {
                "end_time": 1520277679.312718, 
                "name": "push_l0", 
                "py/object": "logger.ActionLog", 
                "start_time": 1520277676.561943
            }, 
            {
                "end_time": 1520277683.710482, 
                "name": "push_door", 
                "py/object": "logger.ActionLog", 
                "start_time": 1520277680.011842
            }
        ], 
        [
            {
                "end_time": 1520277719.463427, 
                "name": "push_l2", 
                "py/object": "logger.ActionLog", 
                "start_time": 1520277717.795295
            }, 
            {
                "end_time": 1520277721.764852, 
                "name": "push_l0", 
                "py/object": "logger.ActionLog", 
                "start_time": 1520277719.478625
            }, 
            {
                "end_time": 1520277725.247504, 
                "name": "push_door", 
                "py/object": "logger.ActionLog", 
                "start_time": 1520277722.39524
            }
        ], 
        [
            {
                "end_time": 1520277794.395609, 
                "name": "push_l1", 
                "py/object": "logger.ActionLog", 
                "start_time": 1520277792.678776
            }, 
            {
                "end_time": 1520277798.563397, 
                "name": "push_l0", 
                "py/object": "logger.ActionLog", 
                "start_time": 1520277795.411662
            }, 
            {
                "end_time": 1520277802.128197, 
                "name": "push_door", 
                "py/object": "logger.ActionLog", 
                "start_time": 1520277799.09535
            }
        ]
    ], 
    "cur_attempt": null, 
    "end_time": 1520277806.160597, 
    "name": "trial7", 
    "num_solutions_remaining": 0, 
    "py/object": "logger.TrialLog", 
    "scenario_name": "CE4", 
    "solution_found": [
        false, 
        true, 
        false, 
        false, 
        true, 
        false, 
        false, 
        false, 
        false, 
        false, 
        true
    ], 
    "solutions": [
        [
            {
                "name": "push_l1", 
                "py/object": "logger.ActionLog", 
                "start_time": null
            }, 
            {
                "name": "push_l0", 
                "py/object": "logger.ActionLog", 
                "start_time": null
            }, 
            {
                "name": "push_door", 
                "py/object": "logger.ActionLog", 
                "start_time": null
            }
        ], 
        [
            {
                "name": "push_l2", 
                "py/object": "logger.ActionLog", 
                "start_time": null
            }, 
            {
                "name": "push_l0", 
                "py/object": "logger.ActionLog", 
                "start_time": null
            }, 
            {
                "name": "push_door", 
                "py/object": "logger.ActionLog", 
                "start_time": null
            }
        ], 
        [
            {
                "name": "push_l3", 
                "py/object": "logger.ActionLog", 
                "start_time": null
            }, 
            {
                "name": "push_l0", 
                "py/object": "logger.ActionLog", 
                "start_time": null
            }, 
            {
                "name": "push_door", 
                "py/object": "logger.ActionLog", 
                "start_time": null
            }
        ]
    ], 
    "start_time": 1520277654.612396, 
    "success": true
}