{
    "age": 20, 
    "cur_trial": null, 
    "end_time": 1520367149.508404, 
    "eyewear": "yes", 
    "gender": "M", 
    "handedness": "right", 
    "human": true, 
    "major": "Psychobiology", 
    "participant_id": 132, 
    "py/object": "logger.SubjectLog", 
    "start_time": 1520366582.07202, 
    "strategy": "the light grey ones were never pushable, it was always the same first lever followed by one of the other medium grey levers", 
    "subject_id": "1675539446", 
    "transfer_strategy": "yes"
}