{
    "age": 20, 
    "cur_trial": null, 
    "end_time": 1516137875.015695, 
    "eyewear": "yes", 
    "gender": "F", 
    "handedness": "right", 
    "human": true, 
    "major": "Cognitive Science", 
    "participant_id": 40, 
    "py/object": "logger.SubjectLog", 
    "start_time": 1516137154.0157, 
    "strategy": "try to find the lever that would give me access toving the others, I soon realized it was always the same one that gave access just a different second lever ws the one that had to be pulled to arrive to the remaining solutions.", 
    "subject_id": "1550408898", 
    "transfer_strategy": "yes it did, I simply had to find the levers that gave me access to moving the rest and then it was a similar process, clicking them one by one to see if the black dot disappeared"
}