{
    "attempt_seq": [
        {
            "action_seq": [
                {
                    "end_time": 1517270624.694746, 
                    "name": "push_l0", 
                    "py/object": "logger.ActionLog", 
                    "start_time": 1517270621.459544
                }, 
                {
                    "end_time": 1517270628.011472, 
                    "name": "push_l2", 
                    "py/object": "logger.ActionLog", 
                    "start_time": 1517270625.492484
                }, 
                {
                    "end_time": 1517270632.079403, 
                    "name": "push_door", 
                    "py/object": "logger.ActionLog", 
                    "start_time": 1517270628.392669
                }
            ], 
            "attempt_num": 0, 
            "cur_action": null, 
            "end_time": 1517270632.079506, 
            "py/object": "logger.AttemptLog", 
            "results": [
                [
                    "frame", 
                    "door", 
                    "door_lock", 
                    "inactive0", 
                    "inactive1", 
                    "inactive2", 
                    "inactive3", 
                    "l2", 
                    "l0", 
                    "l1", 
                    "agent", 
                    "push_l0", 
                    "push_l2", 
                    "push_l1", 
                    "push_inactive0", 
                    "push_inactive1", 
                    "push_inactive2", 
                    "push_inactive3", 
                    "pull_l0", 
                    "pull_l2", 
                    "pull_l1", 
                    "pull_inactive0", 
                    "pull_inactive1", 
                    "pull_inactive2", 
                    "pull_inactive3", 
                    "push_door"
                ], 
                [
                    0, 
                    0, 
                    1, 
                    1, 
                    1, 
                    1, 
                    1, 
                    1, 
                    1, 
                    1, 
                    0, 
                    0, 
                    0, 
                    0, 
                    0, 
                    0, 
                    0, 
                    0, 
                    0, 
                    0, 
                    0, 
                    0, 
                    0, 
                    0, 
                    0, 
                    0
                ], 
                [
                    0, 
                    0, 
                    1, 
                    1, 
                    1, 
                    1, 
                    1, 
                    1, 
                    1, 
                    1, 
                    0, 
                    1, 
                    0, 
                    0, 
                    0, 
                    0, 
                    0, 
                    0, 
                    0, 
                    0, 
                    0, 
                    0, 
                    0, 
                    0, 
                    0, 
                    0
                ], 
                [
                    1, 
                    0, 
                    1, 
                    1, 
                    1, 
                    1, 
                    1, 
                    1, 
                    0, 
                    1, 
                    0, 
                    0, 
                    0, 
                    0, 
                    0, 
                    0, 
                    0, 
                    0, 
                    0, 
                    0, 
                    0, 
                    0, 
                    0, 
                    0, 
                    0, 
                    0
                ], 
                [
                    1, 
                    0, 
                    1, 
                    1, 
                    1, 
                    1, 
                    1, 
                    1, 
                    0, 
                    1, 
                    0, 
                    0, 
                    1, 
                    0, 
                    0, 
                    0, 
                    0, 
                    0, 
                    0, 
                    0, 
                    0, 
                    0, 
                    0, 
                    0, 
                    0, 
                    0
                ], 
                [
                    2, 
                    0, 
                    0, 
                    1, 
                    1, 
                    1, 
                    1, 
                    0, 
                    0, 
                    1, 
                    0, 
                    0, 
                    0, 
                    0, 
                    0, 
                    0, 
                    0, 
                    0, 
                    0, 
                    0, 
                    0, 
                    0, 
                    0, 
                    0, 
                    0, 
                    0
                ], 
                [
                    2, 
                    0, 
                    0, 
                    1, 
                    1, 
                    1, 
                    1, 
                    0, 
                    0, 
                    1, 
                    0, 
                    0, 
                    0, 
                    0, 
                    0, 
                    0, 
                    0, 
                    0, 
                    0, 
                    0, 
                    0, 
                    0, 
                    0, 
                    0, 
                    0, 
                    1
                ], 
                [
                    3, 
                    1, 
                    0, 
                    1, 
                    1, 
                    1, 
                    1, 
                    0, 
                    0, 
                    1, 
                    0, 
                    0, 
                    0, 
                    0, 
                    0, 
                    0, 
                    0, 
                    0, 
                    0, 
                    0, 
                    0, 
                    0, 
                    0, 
                    0, 
                    0, 
                    0
                ]
            ], 
            "start_time": 1517270620.106738, 
            "success": true
        }, 
        {
            "action_seq": [
                {
                    "end_time": 1517270640.54091, 
                    "name": "push_l0", 
                    "py/object": "logger.ActionLog", 
                    "start_time": 1517270637.226145
                }, 
                {
                    "end_time": 1517270645.260256, 
                    "name": "push_l1", 
                    "py/object": "logger.ActionLog", 
                    "start_time": 1517270641.342978
                }, 
                {
                    "end_time": 1517270650.923969, 
                    "name": "push_door", 
                    "py/object": "logger.ActionLog", 
                    "start_time": 1517270646.142521
                }
            ], 
            "attempt_num": 1, 
            "cur_action": null, 
            "end_time": 1517270650.924074, 
            "py/object": "logger.AttemptLog", 
            "results": [
                [
                    "frame", 
                    "door", 
                    "door_lock", 
                    "inactive0", 
                    "inactive1", 
                    "inactive2", 
                    "inactive3", 
                    "l2", 
                    "l0", 
                    "l1", 
                    "agent", 
                    "push_l0", 
                    "push_l2", 
                    "push_l1", 
                    "push_inactive0", 
                    "push_inactive1", 
                    "push_inactive2", 
                    "push_inactive3", 
                    "pull_l0", 
                    "pull_l2", 
                    "pull_l1", 
                    "pull_inactive0", 
                    "pull_inactive1", 
                    "pull_inactive2", 
                    "pull_inactive3", 
                    "push_door"
                ], 
                [
                    0, 
                    0, 
                    1, 
                    1, 
                    1, 
                    1, 
                    1, 
                    1, 
                    1, 
                    1, 
                    0, 
                    0, 
                    0, 
                    0, 
                    0, 
                    0, 
                    0, 
                    0, 
                    0, 
                    0, 
                    0, 
                    0, 
                    0, 
                    0, 
                    0, 
                    0
                ], 
                [
                    0, 
                    0, 
                    1, 
                    1, 
                    1, 
                    1, 
                    1, 
                    1, 
                    1, 
                    1, 
                    0, 
                    1, 
                    0, 
                    0, 
                    0, 
                    0, 
                    0, 
                    0, 
                    0, 
                    0, 
                    0, 
                    0, 
                    0, 
                    0, 
                    0, 
                    0
                ], 
                [
                    1, 
                    0, 
                    1, 
                    1, 
                    1, 
                    1, 
                    1, 
                    1, 
                    0, 
                    1, 
                    0, 
                    0, 
                    0, 
                    0, 
                    0, 
                    0, 
                    0, 
                    0, 
                    0, 
                    0, 
                    0, 
                    0, 
                    0, 
                    0, 
                    0, 
                    0
                ], 
                [
                    1, 
                    0, 
                    1, 
                    1, 
                    1, 
                    1, 
                    1, 
                    1, 
                    0, 
                    1, 
                    0, 
                    0, 
                    0, 
                    1, 
                    0, 
                    0, 
                    0, 
                    0, 
                    0, 
                    0, 
                    0, 
                    0, 
                    0, 
                    0, 
                    0, 
                    0
                ], 
                [
                    2, 
                    0, 
                    0, 
                    1, 
                    1, 
                    1, 
                    1, 
                    1, 
                    0, 
                    0, 
                    0, 
                    0, 
                    0, 
                    0, 
                    0, 
                    0, 
                    0, 
                    0, 
                    0, 
                    0, 
                    0, 
                    0, 
                    0, 
                    0, 
                    0, 
                    0
                ], 
                [
                    2, 
                    0, 
                    0, 
                    1, 
                    1, 
                    1, 
                    1, 
                    1, 
                    0, 
                    0, 
                    0, 
                    0, 
                    0, 
                    0, 
                    0, 
                    0, 
                    0, 
                    0, 
                    0, 
                    0, 
                    0, 
                    0, 
                    0, 
                    0, 
                    0, 
                    1
                ], 
                [
                    3, 
                    1, 
                    0, 
                    1, 
                    1, 
                    1, 
                    1, 
                    1, 
                    0, 
                    0, 
                    0, 
                    0, 
                    0, 
                    0, 
                    0, 
                    0, 
                    0, 
                    0, 
                    0, 
                    0, 
                    0, 
                    0, 
                    0, 
                    0, 
                    0, 
                    0
                ]
            ], 
            "start_time": 1517270636.106788, 
            "success": true
        }
    ], 
    "completed_solutions": [
        [
            {
                "end_time": 1517270624.694746, 
                "name": "push_l0", 
                "py/object": "logger.ActionLog", 
                "start_time": 1517270621.459544
            }, 
            {
                "end_time": 1517270628.011472, 
                "name": "push_l2", 
                "py/object": "logger.ActionLog", 
                "start_time": 1517270625.492484
            }, 
            {
                "end_time": 1517270632.079403, 
                "name": "push_door", 
                "py/object": "logger.ActionLog", 
                "start_time": 1517270628.392669
            }
        ], 
        [
            {
                "end_time": 1517270640.54091, 
                "name": "push_l0", 
                "py/object": "logger.ActionLog", 
                "start_time": 1517270637.226145
            }, 
            {
                "end_time": 1517270645.260256, 
                "name": "push_l1", 
                "py/object": "logger.ActionLog", 
                "start_time": 1517270641.342978
            }, 
            {
                "end_time": 1517270650.923969, 
                "name": "push_door", 
                "py/object": "logger.ActionLog", 
                "start_time": 1517270646.142521
            }
        ]
    ], 
    "cur_attempt": null, 
    "end_time": 1517270654.958018, 
    "name": "trial4", 
    "num_solutions_remaining": 0, 
    "py/object": "logger.TrialLog", 
    "scenario_name": "CC3", 
    "solution_found": [
        true, 
        true
    ], 
    "solutions": [
        [
            {
                "name": "push_l0", 
                "py/object": "logger.ActionLog", 
                "start_time": null
            }, 
            {
                "name": "push_l1", 
                "py/object": "logger.ActionLog", 
                "start_time": null
            }, 
            {
                "name": "push_door", 
                "py/object": "logger.ActionLog", 
                "start_time": null
            }
        ], 
        [
            {
                "name": "push_l0", 
                "py/object": "logger.ActionLog", 
                "start_time": null
            }, 
            {
                "name": "push_l2", 
                "py/object": "logger.ActionLog", 
                "start_time": null
            }, 
            {
                "name": "push_door", 
                "py/object": "logger.ActionLog", 
                "start_time": null
            }
        ]
    ], 
    "start_time": 1517270620.106728, 
    "success": true
}