{
    "attempt_seq": [
        {
            "action_seq": [
                {
                    "end_time": 1515708094.579381, 
                    "name": "push_l0", 
                    "py/object": "logger.ActionLog", 
                    "start_time": 1515708090.045203
                }, 
                {
                    "end_time": 1515708098.87673, 
                    "name": "push_inactive1", 
                    "py/object": "logger.ActionLog", 
                    "start_time": 1515708097.195649
                }, 
                {
                    "end_time": 1515708102.462998, 
                    "name": "push_l2", 
                    "py/object": "logger.ActionLog", 
                    "start_time": 1515708099.895857
                }
            ], 
            "attempt_num": 0, 
            "cur_action": null, 
            "end_time": 1515708102.463066, 
            "py/object": "logger.AttemptLog", 
            "results": [
                [
                    "frame", 
                    "door", 
                    "door_lock", 
                    "inactive0", 
                    "inactive1", 
                    "inactive2", 
                    "inactive3", 
                    "l2", 
                    "l0", 
                    "l1", 
                    "agent", 
                    "push_inactive0", 
                    "push_l2", 
                    "push_inactive1", 
                    "push_l0", 
                    "push_inactive2", 
                    "push_l1", 
                    "push_inactive3", 
                    "pull_inactive0", 
                    "pull_l2", 
                    "pull_inactive1", 
                    "pull_l0", 
                    "pull_inactive2", 
                    "pull_l1", 
                    "pull_inactive3", 
                    "push_door"
                ], 
                [
                    0, 
                    0, 
                    1, 
                    1, 
                    1, 
                    1, 
                    1, 
                    1, 
                    1, 
                    1, 
                    0, 
                    0, 
                    0, 
                    0, 
                    0, 
                    0, 
                    0, 
                    0, 
                    0, 
                    0, 
                    0, 
                    0, 
                    0, 
                    0, 
                    0, 
                    0
                ], 
                [
                    0, 
                    0, 
                    1, 
                    1, 
                    1, 
                    1, 
                    1, 
                    1, 
                    1, 
                    1, 
                    0, 
                    0, 
                    0, 
                    0, 
                    1, 
                    0, 
                    0, 
                    0, 
                    0, 
                    0, 
                    0, 
                    0, 
                    0, 
                    0, 
                    0, 
                    0
                ], 
                [
                    1, 
                    0, 
                    1, 
                    1, 
                    1, 
                    1, 
                    1, 
                    1, 
                    1, 
                    1, 
                    0, 
                    0, 
                    0, 
                    0, 
                    0, 
                    0, 
                    0, 
                    0, 
                    0, 
                    0, 
                    0, 
                    0, 
                    0, 
                    0, 
                    0, 
                    0
                ], 
                [
                    1, 
                    0, 
                    1, 
                    1, 
                    1, 
                    1, 
                    1, 
                    1, 
                    1, 
                    1, 
                    0, 
                    0, 
                    0, 
                    1, 
                    0, 
                    0, 
                    0, 
                    0, 
                    0, 
                    0, 
                    0, 
                    0, 
                    0, 
                    0, 
                    0, 
                    0
                ], 
                [
                    2, 
                    0, 
                    1, 
                    1, 
                    1, 
                    1, 
                    1, 
                    1, 
                    1, 
                    1, 
                    0, 
                    0, 
                    0, 
                    0, 
                    0, 
                    0, 
                    0, 
                    0, 
                    0, 
                    0, 
                    0, 
                    0, 
                    0, 
                    0, 
                    0, 
                    0
                ], 
                [
                    2, 
                    0, 
                    1, 
                    1, 
                    1, 
                    1, 
                    1, 
                    1, 
                    1, 
                    1, 
                    0, 
                    0, 
                    1, 
                    0, 
                    0, 
                    0, 
                    0, 
                    0, 
                    0, 
                    0, 
                    0, 
                    0, 
                    0, 
                    0, 
                    0, 
                    0
                ], 
                [
                    3, 
                    0, 
                    1, 
                    1, 
                    1, 
                    1, 
                    1, 
                    0, 
                    1, 
                    1, 
                    0, 
                    0, 
                    0, 
                    0, 
                    0, 
                    0, 
                    0, 
                    0, 
                    0, 
                    0, 
                    0, 
                    0, 
                    0, 
                    0, 
                    0, 
                    0
                ]
            ], 
            "start_time": 1515708080.675103, 
            "success": false
        }, 
        {
            "action_seq": [
                {
                    "end_time": 1515708107.427788, 
                    "name": "push_inactive0", 
                    "py/object": "logger.ActionLog", 
                    "start_time": 1515708104.811899
                }, 
                {
                    "end_time": 1515708111.529078, 
                    "name": "push_inactive3", 
                    "py/object": "logger.ActionLog", 
                    "start_time": 1515708108.677304
                }, 
                {
                    "end_time": 1515708114.513704, 
                    "name": "push_l1", 
                    "py/object": "logger.ActionLog", 
                    "start_time": 1515708112.412176
                }
            ], 
            "attempt_num": 1, 
            "cur_action": null, 
            "end_time": 1515708114.513785, 
            "py/object": "logger.AttemptLog", 
            "results": [
                [
                    "frame", 
                    "door", 
                    "door_lock", 
                    "inactive0", 
                    "inactive1", 
                    "inactive2", 
                    "inactive3", 
                    "l2", 
                    "l0", 
                    "l1", 
                    "agent", 
                    "push_inactive0", 
                    "push_l2", 
                    "push_inactive1", 
                    "push_l0", 
                    "push_inactive2", 
                    "push_l1", 
                    "push_inactive3", 
                    "pull_inactive0", 
                    "pull_l2", 
                    "pull_inactive1", 
                    "pull_l0", 
                    "pull_inactive2", 
                    "pull_l1", 
                    "pull_inactive3", 
                    "push_door"
                ], 
                [
                    0, 
                    0, 
                    1, 
                    1, 
                    1, 
                    1, 
                    1, 
                    1, 
                    1, 
                    1, 
                    0, 
                    0, 
                    0, 
                    0, 
                    0, 
                    0, 
                    0, 
                    0, 
                    0, 
                    0, 
                    0, 
                    0, 
                    0, 
                    0, 
                    0, 
                    0
                ], 
                [
                    0, 
                    0, 
                    1, 
                    1, 
                    1, 
                    1, 
                    1, 
                    1, 
                    1, 
                    1, 
                    0, 
                    1, 
                    0, 
                    0, 
                    0, 
                    0, 
                    0, 
                    0, 
                    0, 
                    0, 
                    0, 
                    0, 
                    0, 
                    0, 
                    0, 
                    0
                ], 
                [
                    1, 
                    0, 
                    1, 
                    1, 
                    1, 
                    1, 
                    1, 
                    1, 
                    1, 
                    1, 
                    0, 
                    0, 
                    0, 
                    0, 
                    0, 
                    0, 
                    0, 
                    0, 
                    0, 
                    0, 
                    0, 
                    0, 
                    0, 
                    0, 
                    0, 
                    0
                ], 
                [
                    1, 
                    0, 
                    1, 
                    1, 
                    1, 
                    1, 
                    1, 
                    1, 
                    1, 
                    1, 
                    0, 
                    0, 
                    0, 
                    0, 
                    0, 
                    0, 
                    0, 
                    1, 
                    0, 
                    0, 
                    0, 
                    0, 
                    0, 
                    0, 
                    0, 
                    0
                ], 
                [
                    2, 
                    0, 
                    1, 
                    1, 
                    1, 
                    1, 
                    1, 
                    1, 
                    1, 
                    1, 
                    0, 
                    0, 
                    0, 
                    0, 
                    0, 
                    0, 
                    0, 
                    0, 
                    0, 
                    0, 
                    0, 
                    0, 
                    0, 
                    0, 
                    0, 
                    0
                ], 
                [
                    2, 
                    0, 
                    1, 
                    1, 
                    1, 
                    1, 
                    1, 
                    1, 
                    1, 
                    1, 
                    0, 
                    0, 
                    0, 
                    0, 
                    0, 
                    0, 
                    1, 
                    0, 
                    0, 
                    0, 
                    0, 
                    0, 
                    0, 
                    0, 
                    0, 
                    0
                ], 
                [
                    3, 
                    0, 
                    1, 
                    1, 
                    1, 
                    1, 
                    1, 
                    1, 
                    1, 
                    0, 
                    0, 
                    0, 
                    0, 
                    0, 
                    0, 
                    0, 
                    0, 
                    0, 
                    0, 
                    0, 
                    0, 
                    0, 
                    0, 
                    0, 
                    0, 
                    0
                ]
            ], 
            "start_time": 1515708102.491436, 
            "success": false
        }, 
        {
            "action_seq": [
                {
                    "end_time": 1515708119.661995, 
                    "name": "push_inactive2", 
                    "py/object": "logger.ActionLog", 
                    "start_time": 1515708116.112176
                }, 
                {
                    "end_time": 1515708122.446396, 
                    "name": "push_l1", 
                    "py/object": "logger.ActionLog", 
                    "start_time": 1515708120.596575
                }, 
                {
                    "end_time": 1515708129.494302, 
                    "name": "push_l2", 
                    "py/object": "logger.ActionLog", 
                    "start_time": 1515708123.028391
                }
            ], 
            "attempt_num": 2, 
            "cur_action": null, 
            "end_time": 1515708129.49436, 
            "py/object": "logger.AttemptLog", 
            "results": [
                [
                    "frame", 
                    "door", 
                    "door_lock", 
                    "inactive0", 
                    "inactive1", 
                    "inactive2", 
                    "inactive3", 
                    "l2", 
                    "l0", 
                    "l1", 
                    "agent", 
                    "push_inactive0", 
                    "push_l2", 
                    "push_inactive1", 
                    "push_l0", 
                    "push_inactive2", 
                    "push_l1", 
                    "push_inactive3", 
                    "pull_inactive0", 
                    "pull_l2", 
                    "pull_inactive1", 
                    "pull_l0", 
                    "pull_inactive2", 
                    "pull_l1", 
                    "pull_inactive3", 
                    "push_door"
                ], 
                [
                    0, 
                    0, 
                    1, 
                    1, 
                    1, 
                    1, 
                    1, 
                    1, 
                    1, 
                    1, 
                    0, 
                    0, 
                    0, 
                    0, 
                    0, 
                    0, 
                    0, 
                    0, 
                    0, 
                    0, 
                    0, 
                    0, 
                    0, 
                    0, 
                    0, 
                    0
                ], 
                [
                    0, 
                    0, 
                    1, 
                    1, 
                    1, 
                    1, 
                    1, 
                    1, 
                    1, 
                    1, 
                    0, 
                    0, 
                    0, 
                    0, 
                    0, 
                    1, 
                    0, 
                    0, 
                    0, 
                    0, 
                    0, 
                    0, 
                    0, 
                    0, 
                    0, 
                    0
                ], 
                [
                    1, 
                    0, 
                    1, 
                    1, 
                    1, 
                    1, 
                    1, 
                    1, 
                    1, 
                    1, 
                    0, 
                    0, 
                    0, 
                    0, 
                    0, 
                    0, 
                    0, 
                    0, 
                    0, 
                    0, 
                    0, 
                    0, 
                    0, 
                    0, 
                    0, 
                    0
                ], 
                [
                    1, 
                    0, 
                    1, 
                    1, 
                    1, 
                    1, 
                    1, 
                    1, 
                    1, 
                    1, 
                    0, 
                    0, 
                    0, 
                    0, 
                    0, 
                    0, 
                    1, 
                    0, 
                    0, 
                    0, 
                    0, 
                    0, 
                    0, 
                    0, 
                    0, 
                    0
                ], 
                [
                    2, 
                    0, 
                    1, 
                    1, 
                    1, 
                    1, 
                    1, 
                    1, 
                    1, 
                    0, 
                    0, 
                    0, 
                    0, 
                    0, 
                    0, 
                    0, 
                    0, 
                    0, 
                    0, 
                    0, 
                    0, 
                    0, 
                    0, 
                    0, 
                    0, 
                    0
                ], 
                [
                    2, 
                    0, 
                    1, 
                    1, 
                    1, 
                    1, 
                    1, 
                    1, 
                    1, 
                    0, 
                    0, 
                    0, 
                    1, 
                    0, 
                    0, 
                    0, 
                    0, 
                    0, 
                    0, 
                    0, 
                    0, 
                    0, 
                    0, 
                    0, 
                    0, 
                    0
                ], 
                [
                    3, 
                    0, 
                    1, 
                    1, 
                    1, 
                    1, 
                    1, 
                    0, 
                    1, 
                    0, 
                    0, 
                    0, 
                    0, 
                    0, 
                    0, 
                    0, 
                    0, 
                    0, 
                    0, 
                    0, 
                    0, 
                    0, 
                    0, 
                    0, 
                    0, 
                    0
                ]
            ], 
            "start_time": 1515708114.541442, 
            "success": false
        }, 
        {
            "action_seq": [
                {
                    "end_time": 1515708135.465549, 
                    "name": "push_l2", 
                    "py/object": "logger.ActionLog", 
                    "start_time": 1515708131.760957
                }, 
                {
                    "end_time": 1515708142.913588, 
                    "name": "push_l1", 
                    "py/object": "logger.ActionLog", 
                    "start_time": 1515708136.078134
                }, 
                {
                    "end_time": 1515708149.196554, 
                    "name": "push_l0", 
                    "py/object": "logger.ActionLog", 
                    "start_time": 1515708144.711878
                }
            ], 
            "attempt_num": 3, 
            "cur_action": null, 
            "end_time": 1515708149.196624, 
            "py/object": "logger.AttemptLog", 
            "results": [
                [
                    "frame", 
                    "door", 
                    "door_lock", 
                    "inactive0", 
                    "inactive1", 
                    "inactive2", 
                    "inactive3", 
                    "l2", 
                    "l0", 
                    "l1", 
                    "agent", 
                    "push_inactive0", 
                    "push_l2", 
                    "push_inactive1", 
                    "push_l0", 
                    "push_inactive2", 
                    "push_l1", 
                    "push_inactive3", 
                    "pull_inactive0", 
                    "pull_l2", 
                    "pull_inactive1", 
                    "pull_l0", 
                    "pull_inactive2", 
                    "pull_l1", 
                    "pull_inactive3", 
                    "push_door"
                ], 
                [
                    0, 
                    0, 
                    1, 
                    1, 
                    1, 
                    1, 
                    1, 
                    1, 
                    1, 
                    1, 
                    0, 
                    0, 
                    0, 
                    0, 
                    0, 
                    0, 
                    0, 
                    0, 
                    0, 
                    0, 
                    0, 
                    0, 
                    0, 
                    0, 
                    0, 
                    0
                ], 
                [
                    0, 
                    0, 
                    1, 
                    1, 
                    1, 
                    1, 
                    1, 
                    1, 
                    1, 
                    1, 
                    0, 
                    0, 
                    1, 
                    0, 
                    0, 
                    0, 
                    0, 
                    0, 
                    0, 
                    0, 
                    0, 
                    0, 
                    0, 
                    0, 
                    0, 
                    0
                ], 
                [
                    1, 
                    0, 
                    1, 
                    1, 
                    1, 
                    1, 
                    1, 
                    0, 
                    1, 
                    1, 
                    0, 
                    0, 
                    0, 
                    0, 
                    0, 
                    0, 
                    0, 
                    0, 
                    0, 
                    0, 
                    0, 
                    0, 
                    0, 
                    0, 
                    0, 
                    0
                ], 
                [
                    1, 
                    0, 
                    1, 
                    1, 
                    1, 
                    1, 
                    1, 
                    0, 
                    1, 
                    1, 
                    0, 
                    0, 
                    0, 
                    0, 
                    0, 
                    0, 
                    1, 
                    0, 
                    0, 
                    0, 
                    0, 
                    0, 
                    0, 
                    0, 
                    0, 
                    0
                ], 
                [
                    2, 
                    0, 
                    1, 
                    1, 
                    1, 
                    1, 
                    1, 
                    0, 
                    1, 
                    0, 
                    0, 
                    0, 
                    0, 
                    0, 
                    0, 
                    0, 
                    0, 
                    0, 
                    0, 
                    0, 
                    0, 
                    0, 
                    0, 
                    0, 
                    0, 
                    0
                ], 
                [
                    2, 
                    0, 
                    1, 
                    1, 
                    1, 
                    1, 
                    1, 
                    0, 
                    1, 
                    0, 
                    0, 
                    0, 
                    0, 
                    0, 
                    1, 
                    0, 
                    0, 
                    0, 
                    0, 
                    0, 
                    0, 
                    0, 
                    0, 
                    0, 
                    0, 
                    0
                ], 
                [
                    3, 
                    0, 
                    0, 
                    1, 
                    1, 
                    1, 
                    1, 
                    0, 
                    0, 
                    0, 
                    0, 
                    0, 
                    0, 
                    0, 
                    0, 
                    0, 
                    0, 
                    0, 
                    0, 
                    0, 
                    0, 
                    0, 
                    0, 
                    0, 
                    0, 
                    0
                ]
            ], 
            "start_time": 1515708129.509001, 
            "success": false
        }, 
        {
            "action_seq": [
                {
                    "end_time": 1515708158.203697, 
                    "name": "push_l2", 
                    "py/object": "logger.ActionLog", 
                    "start_time": 1515708154.428323
                }, 
                {
                    "end_time": 1515708162.0465, 
                    "name": "push_l0", 
                    "py/object": "logger.ActionLog", 
                    "start_time": 1515708158.210829
                }, 
                {
                    "end_time": 1515708169.71664, 
                    "name": "push_door", 
                    "py/object": "logger.ActionLog", 
                    "start_time": 1515708162.112335
                }
            ], 
            "attempt_num": 4, 
            "cur_action": null, 
            "end_time": 1515708169.716742, 
            "py/object": "logger.AttemptLog", 
            "results": [
                [
                    "frame", 
                    "door", 
                    "door_lock", 
                    "inactive0", 
                    "inactive1", 
                    "inactive2", 
                    "inactive3", 
                    "l2", 
                    "l0", 
                    "l1", 
                    "agent", 
                    "push_inactive0", 
                    "push_l2", 
                    "push_inactive1", 
                    "push_l0", 
                    "push_inactive2", 
                    "push_l1", 
                    "push_inactive3", 
                    "pull_inactive0", 
                    "pull_l2", 
                    "pull_inactive1", 
                    "pull_l0", 
                    "pull_inactive2", 
                    "pull_l1", 
                    "pull_inactive3", 
                    "push_door"
                ], 
                [
                    0, 
                    0, 
                    1, 
                    1, 
                    1, 
                    1, 
                    1, 
                    1, 
                    1, 
                    1, 
                    0, 
                    0, 
                    0, 
                    0, 
                    0, 
                    0, 
                    0, 
                    0, 
                    0, 
                    0, 
                    0, 
                    0, 
                    0, 
                    0, 
                    0, 
                    0
                ], 
                [
                    0, 
                    0, 
                    1, 
                    1, 
                    1, 
                    1, 
                    1, 
                    1, 
                    1, 
                    1, 
                    0, 
                    0, 
                    1, 
                    0, 
                    0, 
                    0, 
                    0, 
                    0, 
                    0, 
                    0, 
                    0, 
                    0, 
                    0, 
                    0, 
                    0, 
                    0
                ], 
                [
                    1, 
                    0, 
                    1, 
                    1, 
                    1, 
                    1, 
                    1, 
                    0, 
                    1, 
                    1, 
                    0, 
                    0, 
                    0, 
                    0, 
                    0, 
                    0, 
                    0, 
                    0, 
                    0, 
                    0, 
                    0, 
                    0, 
                    0, 
                    0, 
                    0, 
                    0
                ], 
                [
                    1, 
                    0, 
                    1, 
                    1, 
                    1, 
                    1, 
                    1, 
                    0, 
                    1, 
                    1, 
                    0, 
                    0, 
                    0, 
                    0, 
                    1, 
                    0, 
                    0, 
                    0, 
                    0, 
                    0, 
                    0, 
                    0, 
                    0, 
                    0, 
                    0, 
                    0
                ], 
                [
                    2, 
                    0, 
                    0, 
                    1, 
                    1, 
                    1, 
                    1, 
                    0, 
                    0, 
                    1, 
                    0, 
                    0, 
                    0, 
                    0, 
                    0, 
                    0, 
                    0, 
                    0, 
                    0, 
                    0, 
                    0, 
                    0, 
                    0, 
                    0, 
                    0, 
                    0
                ], 
                [
                    2, 
                    0, 
                    0, 
                    1, 
                    1, 
                    1, 
                    1, 
                    0, 
                    0, 
                    1, 
                    0, 
                    0, 
                    0, 
                    0, 
                    0, 
                    0, 
                    0, 
                    0, 
                    0, 
                    0, 
                    0, 
                    0, 
                    0, 
                    0, 
                    0, 
                    1
                ], 
                [
                    3, 
                    1, 
                    0, 
                    1, 
                    1, 
                    1, 
                    1, 
                    0, 
                    0, 
                    1, 
                    0, 
                    0, 
                    0, 
                    0, 
                    0, 
                    0, 
                    0, 
                    0, 
                    0, 
                    0, 
                    0, 
                    0, 
                    0, 
                    0, 
                    0, 
                    0
                ]
            ], 
            "start_time": 1515708153.225861, 
            "success": true
        }, 
        {
            "action_seq": [
                {
                    "end_time": 1515708178.213363, 
                    "name": "push_l1", 
                    "py/object": "logger.ActionLog", 
                    "start_time": 1515708174.144926
                }, 
                {
                    "end_time": 1515708182.66172, 
                    "name": "push_l0", 
                    "py/object": "logger.ActionLog", 
                    "start_time": 1515708179.277716
                }, 
                {
                    "end_time": 1515708189.28091, 
                    "name": "push_door", 
                    "py/object": "logger.ActionLog", 
                    "start_time": 1515708183.128288
                }
            ], 
            "attempt_num": 5, 
            "cur_action": null, 
            "end_time": 1515708189.281013, 
            "py/object": "logger.AttemptLog", 
            "results": [
                [
                    "frame", 
                    "door", 
                    "door_lock", 
                    "inactive0", 
                    "inactive1", 
                    "inactive2", 
                    "inactive3", 
                    "l2", 
                    "l0", 
                    "l1", 
                    "agent", 
                    "push_inactive0", 
                    "push_l2", 
                    "push_inactive1", 
                    "push_l0", 
                    "push_inactive2", 
                    "push_l1", 
                    "push_inactive3", 
                    "pull_inactive0", 
                    "pull_l2", 
                    "pull_inactive1", 
                    "pull_l0", 
                    "pull_inactive2", 
                    "pull_l1", 
                    "pull_inactive3", 
                    "push_door"
                ], 
                [
                    0, 
                    0, 
                    1, 
                    1, 
                    1, 
                    1, 
                    1, 
                    1, 
                    1, 
                    1, 
                    0, 
                    0, 
                    0, 
                    0, 
                    0, 
                    0, 
                    0, 
                    0, 
                    0, 
                    0, 
                    0, 
                    0, 
                    0, 
                    0, 
                    0, 
                    0
                ], 
                [
                    0, 
                    0, 
                    1, 
                    1, 
                    1, 
                    1, 
                    1, 
                    1, 
                    1, 
                    1, 
                    0, 
                    0, 
                    0, 
                    0, 
                    0, 
                    0, 
                    1, 
                    0, 
                    0, 
                    0, 
                    0, 
                    0, 
                    0, 
                    0, 
                    0, 
                    0
                ], 
                [
                    1, 
                    0, 
                    1, 
                    1, 
                    1, 
                    1, 
                    1, 
                    1, 
                    1, 
                    0, 
                    0, 
                    0, 
                    0, 
                    0, 
                    0, 
                    0, 
                    0, 
                    0, 
                    0, 
                    0, 
                    0, 
                    0, 
                    0, 
                    0, 
                    0, 
                    0
                ], 
                [
                    1, 
                    0, 
                    1, 
                    1, 
                    1, 
                    1, 
                    1, 
                    1, 
                    1, 
                    0, 
                    0, 
                    0, 
                    0, 
                    0, 
                    1, 
                    0, 
                    0, 
                    0, 
                    0, 
                    0, 
                    0, 
                    0, 
                    0, 
                    0, 
                    0, 
                    0
                ], 
                [
                    2, 
                    0, 
                    0, 
                    1, 
                    1, 
                    1, 
                    1, 
                    1, 
                    0, 
                    0, 
                    0, 
                    0, 
                    0, 
                    0, 
                    0, 
                    0, 
                    0, 
                    0, 
                    0, 
                    0, 
                    0, 
                    0, 
                    0, 
                    0, 
                    0, 
                    0
                ], 
                [
                    2, 
                    0, 
                    0, 
                    1, 
                    1, 
                    1, 
                    1, 
                    1, 
                    0, 
                    0, 
                    0, 
                    0, 
                    0, 
                    0, 
                    0, 
                    0, 
                    0, 
                    0, 
                    0, 
                    0, 
                    0, 
                    0, 
                    0, 
                    0, 
                    0, 
                    1
                ], 
                [
                    3, 
                    1, 
                    0, 
                    1, 
                    1, 
                    1, 
                    1, 
                    1, 
                    0, 
                    0, 
                    0, 
                    0, 
                    0, 
                    0, 
                    0, 
                    0, 
                    0, 
                    0, 
                    0, 
                    0, 
                    0, 
                    0, 
                    0, 
                    0, 
                    0, 
                    0
                ]
            ], 
            "start_time": 1515708173.742467, 
            "success": true
        }
    ], 
    "completed_solutions": [
        [
            {
                "end_time": 1515708158.203697, 
                "name": "push_l2", 
                "py/object": "logger.ActionLog", 
                "start_time": 1515708154.428323
            }, 
            {
                "end_time": 1515708162.0465, 
                "name": "push_l0", 
                "py/object": "logger.ActionLog", 
                "start_time": 1515708158.210829
            }, 
            {
                "end_time": 1515708169.71664, 
                "name": "push_door", 
                "py/object": "logger.ActionLog", 
                "start_time": 1515708162.112335
            }
        ], 
        [
            {
                "end_time": 1515708178.213363, 
                "name": "push_l1", 
                "py/object": "logger.ActionLog", 
                "start_time": 1515708174.144926
            }, 
            {
                "end_time": 1515708182.66172, 
                "name": "push_l0", 
                "py/object": "logger.ActionLog", 
                "start_time": 1515708179.277716
            }, 
            {
                "end_time": 1515708189.28091, 
                "name": "push_door", 
                "py/object": "logger.ActionLog", 
                "start_time": 1515708183.128288
            }
        ]
    ], 
    "cur_attempt": null, 
    "end_time": 1515708193.308925, 
    "name": "trial2", 
    "num_solutions_remaining": 0, 
    "py/object": "logger.TrialLog", 
    "scenario_name": "CE3", 
    "solution_found": [
        false, 
        false, 
        false, 
        false, 
        true, 
        true
    ], 
    "solutions": [
        [
            {
                "name": "push_l2", 
                "py/object": "logger.ActionLog", 
                "start_time": null
            }, 
            {
                "name": "push_l0", 
                "py/object": "logger.ActionLog", 
                "start_time": null
            }, 
            {
                "name": "push_door", 
                "py/object": "logger.ActionLog", 
                "start_time": null
            }
        ], 
        [
            {
                "name": "push_l1", 
                "py/object": "logger.ActionLog", 
                "start_time": null
            }, 
            {
                "name": "push_l0", 
                "py/object": "logger.ActionLog", 
                "start_time": null
            }, 
            {
                "name": "push_door", 
                "py/object": "logger.ActionLog", 
                "start_time": null
            }
        ]
    ], 
    "start_time": 1515708080.675096, 
    "success": true
}