{
    "age": 20, 
    "cur_trial": null, 
    "end_time": 1520281930.016283, 
    "eyewear": "yes", 
    "gender": "F", 
    "handedness": "right", 
    "human": true, 
    "major": "cognitive Science", 
    "participant_id": 120, 
    "py/object": "logger.SubjectLog", 
    "start_time": 1520280146.100662, 
    "strategy": "I just noticed that one of the dark levers could be pushed out, and in the first trial a solution I found was pushing out the adjacent dark lever. In the second trial I figured that one of the dark levers could always be pushed and the combination would be pushing that lever and then pushing another dark lever out.", 
    "subject_id": "1736914002", 
    "transfer_strategy": "Yes? I did not notice that the number of colored levers increased."
}