{
    "attempt_seq": [
        {
            "action_seq": [
                {
                    "end_time": 1515707605.056814, 
                    "name": "pull_l1", 
                    "py/object": "logger.ActionLog", 
                    "start_time": 1515707602.224875
                }, 
                {
                    "end_time": 1515707606.940958, 
                    "name": "push_l1", 
                    "py/object": "logger.ActionLog", 
                    "start_time": 1515707606.090531
                }, 
                {
                    "end_time": 1515707609.473438, 
                    "name": "push_l2", 
                    "py/object": "logger.ActionLog", 
                    "start_time": 1515707608.039882
                }
            ], 
            "attempt_num": 0, 
            "cur_action": null, 
            "end_time": 1515707609.473505, 
            "py/object": "logger.AttemptLog", 
            "results": [
                [
                    "frame", 
                    "door", 
                    "door_lock", 
                    "inactive0", 
                    "inactive1", 
                    "inactive2", 
                    "inactive3", 
                    "l2", 
                    "l0", 
                    "l1", 
                    "agent", 
                    "push_l0", 
                    "push_l2", 
                    "push_l1", 
                    "push_inactive0", 
                    "push_inactive1", 
                    "push_inactive2", 
                    "push_inactive3", 
                    "pull_l0", 
                    "pull_l2", 
                    "pull_l1", 
                    "pull_inactive0", 
                    "pull_inactive1", 
                    "pull_inactive2", 
                    "pull_inactive3", 
                    "push_door"
                ], 
                [
                    0, 
                    0, 
                    1, 
                    1, 
                    1, 
                    1, 
                    1, 
                    1, 
                    1, 
                    1, 
                    0, 
                    0, 
                    0, 
                    0, 
                    0, 
                    0, 
                    0, 
                    0, 
                    0, 
                    0, 
                    0, 
                    0, 
                    0, 
                    0, 
                    0, 
                    0
                ], 
                [
                    0, 
                    0, 
                    1, 
                    1, 
                    1, 
                    1, 
                    1, 
                    1, 
                    1, 
                    1, 
                    0, 
                    0, 
                    0, 
                    0, 
                    0, 
                    0, 
                    0, 
                    0, 
                    0, 
                    0, 
                    1, 
                    0, 
                    0, 
                    0, 
                    0, 
                    0
                ], 
                [
                    1, 
                    0, 
                    1, 
                    1, 
                    1, 
                    1, 
                    1, 
                    1, 
                    1, 
                    1, 
                    0, 
                    0, 
                    0, 
                    0, 
                    0, 
                    0, 
                    0, 
                    0, 
                    0, 
                    0, 
                    0, 
                    0, 
                    0, 
                    0, 
                    0, 
                    0
                ], 
                [
                    1, 
                    0, 
                    1, 
                    1, 
                    1, 
                    1, 
                    1, 
                    1, 
                    1, 
                    1, 
                    0, 
                    0, 
                    0, 
                    1, 
                    0, 
                    0, 
                    0, 
                    0, 
                    0, 
                    0, 
                    0, 
                    0, 
                    0, 
                    0, 
                    0, 
                    0
                ], 
                [
                    2, 
                    0, 
                    1, 
                    1, 
                    1, 
                    1, 
                    1, 
                    1, 
                    1, 
                    1, 
                    0, 
                    0, 
                    0, 
                    0, 
                    0, 
                    0, 
                    0, 
                    0, 
                    0, 
                    0, 
                    0, 
                    0, 
                    0, 
                    0, 
                    0, 
                    0
                ], 
                [
                    2, 
                    0, 
                    1, 
                    1, 
                    1, 
                    1, 
                    1, 
                    1, 
                    1, 
                    1, 
                    0, 
                    0, 
                    1, 
                    0, 
                    0, 
                    0, 
                    0, 
                    0, 
                    0, 
                    0, 
                    0, 
                    0, 
                    0, 
                    0, 
                    0, 
                    0
                ], 
                [
                    3, 
                    0, 
                    1, 
                    1, 
                    1, 
                    1, 
                    1, 
                    1, 
                    1, 
                    1, 
                    0, 
                    0, 
                    0, 
                    0, 
                    0, 
                    0, 
                    0, 
                    0, 
                    0, 
                    0, 
                    0, 
                    0, 
                    0, 
                    0, 
                    0, 
                    0
                ]
            ], 
            "start_time": 1515707599.624538, 
            "success": false
        }, 
        {
            "action_seq": [
                {
                    "end_time": 1515707612.20648, 
                    "name": "push_l0", 
                    "py/object": "logger.ActionLog", 
                    "start_time": 1515707610.489023
                }, 
                {
                    "end_time": 1515707614.507545, 
                    "name": "push_l2", 
                    "py/object": "logger.ActionLog", 
                    "start_time": 1515707612.971237
                }, 
                {
                    "end_time": 1515707617.555174, 
                    "name": "push_door", 
                    "py/object": "logger.ActionLog", 
                    "start_time": 1515707615.570305
                }
            ], 
            "attempt_num": 1, 
            "cur_action": null, 
            "end_time": 1515707617.555238, 
            "py/object": "logger.AttemptLog", 
            "results": [
                [
                    "frame", 
                    "door", 
                    "door_lock", 
                    "inactive0", 
                    "inactive1", 
                    "inactive2", 
                    "inactive3", 
                    "l2", 
                    "l0", 
                    "l1", 
                    "agent", 
                    "push_l0", 
                    "push_l2", 
                    "push_l1", 
                    "push_inactive0", 
                    "push_inactive1", 
                    "push_inactive2", 
                    "push_inactive3", 
                    "pull_l0", 
                    "pull_l2", 
                    "pull_l1", 
                    "pull_inactive0", 
                    "pull_inactive1", 
                    "pull_inactive2", 
                    "pull_inactive3", 
                    "push_door"
                ], 
                [
                    0, 
                    0, 
                    1, 
                    1, 
                    1, 
                    1, 
                    1, 
                    1, 
                    1, 
                    1, 
                    0, 
                    0, 
                    0, 
                    0, 
                    0, 
                    0, 
                    0, 
                    0, 
                    0, 
                    0, 
                    0, 
                    0, 
                    0, 
                    0, 
                    0, 
                    0
                ], 
                [
                    0, 
                    0, 
                    1, 
                    1, 
                    1, 
                    1, 
                    1, 
                    1, 
                    1, 
                    1, 
                    0, 
                    1, 
                    0, 
                    0, 
                    0, 
                    0, 
                    0, 
                    0, 
                    0, 
                    0, 
                    0, 
                    0, 
                    0, 
                    0, 
                    0, 
                    0
                ], 
                [
                    1, 
                    0, 
                    1, 
                    1, 
                    1, 
                    1, 
                    1, 
                    1, 
                    0, 
                    1, 
                    0, 
                    0, 
                    0, 
                    0, 
                    0, 
                    0, 
                    0, 
                    0, 
                    0, 
                    0, 
                    0, 
                    0, 
                    0, 
                    0, 
                    0, 
                    0
                ], 
                [
                    1, 
                    0, 
                    1, 
                    1, 
                    1, 
                    1, 
                    1, 
                    1, 
                    0, 
                    1, 
                    0, 
                    0, 
                    1, 
                    0, 
                    0, 
                    0, 
                    0, 
                    0, 
                    0, 
                    0, 
                    0, 
                    0, 
                    0, 
                    0, 
                    0, 
                    0
                ], 
                [
                    2, 
                    0, 
                    0, 
                    1, 
                    1, 
                    1, 
                    1, 
                    0, 
                    0, 
                    1, 
                    0, 
                    0, 
                    0, 
                    0, 
                    0, 
                    0, 
                    0, 
                    0, 
                    0, 
                    0, 
                    0, 
                    0, 
                    0, 
                    0, 
                    0, 
                    0
                ], 
                [
                    2, 
                    0, 
                    0, 
                    1, 
                    1, 
                    1, 
                    1, 
                    0, 
                    0, 
                    1, 
                    0, 
                    0, 
                    0, 
                    0, 
                    0, 
                    0, 
                    0, 
                    0, 
                    0, 
                    0, 
                    0, 
                    0, 
                    0, 
                    0, 
                    0, 
                    1
                ], 
                [
                    3, 
                    1, 
                    0, 
                    1, 
                    1, 
                    1, 
                    1, 
                    0, 
                    0, 
                    1, 
                    0, 
                    0, 
                    0, 
                    0, 
                    0, 
                    0, 
                    0, 
                    0, 
                    0, 
                    0, 
                    0, 
                    0, 
                    0, 
                    0, 
                    0, 
                    0
                ]
            ], 
            "start_time": 1515707609.487918, 
            "success": true
        }, 
        {
            "action_seq": [
                {
                    "end_time": 1515707623.919103, 
                    "name": "push_l0", 
                    "py/object": "logger.ActionLog", 
                    "start_time": 1515707622.201353
                }, 
                {
                    "end_time": 1515707627.11764, 
                    "name": "push_l1", 
                    "py/object": "logger.ActionLog", 
                    "start_time": 1515707624.134145
                }, 
                {
                    "end_time": 1515707631.597326, 
                    "name": "push_door", 
                    "py/object": "logger.ActionLog", 
                    "start_time": 1515707627.149379
                }
            ], 
            "attempt_num": 2, 
            "cur_action": null, 
            "end_time": 1515707631.597418, 
            "py/object": "logger.AttemptLog", 
            "results": [
                [
                    "frame", 
                    "door", 
                    "door_lock", 
                    "inactive0", 
                    "inactive1", 
                    "inactive2", 
                    "inactive3", 
                    "l2", 
                    "l0", 
                    "l1", 
                    "agent", 
                    "push_l0", 
                    "push_l2", 
                    "push_l1", 
                    "push_inactive0", 
                    "push_inactive1", 
                    "push_inactive2", 
                    "push_inactive3", 
                    "pull_l0", 
                    "pull_l2", 
                    "pull_l1", 
                    "pull_inactive0", 
                    "pull_inactive1", 
                    "pull_inactive2", 
                    "pull_inactive3", 
                    "push_door"
                ], 
                [
                    0, 
                    0, 
                    1, 
                    1, 
                    1, 
                    1, 
                    1, 
                    1, 
                    1, 
                    1, 
                    0, 
                    0, 
                    0, 
                    0, 
                    0, 
                    0, 
                    0, 
                    0, 
                    0, 
                    0, 
                    0, 
                    0, 
                    0, 
                    0, 
                    0, 
                    0
                ], 
                [
                    0, 
                    0, 
                    1, 
                    1, 
                    1, 
                    1, 
                    1, 
                    1, 
                    1, 
                    1, 
                    0, 
                    1, 
                    0, 
                    0, 
                    0, 
                    0, 
                    0, 
                    0, 
                    0, 
                    0, 
                    0, 
                    0, 
                    0, 
                    0, 
                    0, 
                    0
                ], 
                [
                    1, 
                    0, 
                    1, 
                    1, 
                    1, 
                    1, 
                    1, 
                    1, 
                    0, 
                    1, 
                    0, 
                    0, 
                    0, 
                    0, 
                    0, 
                    0, 
                    0, 
                    0, 
                    0, 
                    0, 
                    0, 
                    0, 
                    0, 
                    0, 
                    0, 
                    0
                ], 
                [
                    1, 
                    0, 
                    1, 
                    1, 
                    1, 
                    1, 
                    1, 
                    1, 
                    0, 
                    1, 
                    0, 
                    0, 
                    0, 
                    1, 
                    0, 
                    0, 
                    0, 
                    0, 
                    0, 
                    0, 
                    0, 
                    0, 
                    0, 
                    0, 
                    0, 
                    0
                ], 
                [
                    2, 
                    0, 
                    0, 
                    1, 
                    1, 
                    1, 
                    1, 
                    1, 
                    0, 
                    0, 
                    0, 
                    0, 
                    0, 
                    0, 
                    0, 
                    0, 
                    0, 
                    0, 
                    0, 
                    0, 
                    0, 
                    0, 
                    0, 
                    0, 
                    0, 
                    0
                ], 
                [
                    2, 
                    0, 
                    0, 
                    1, 
                    1, 
                    1, 
                    1, 
                    1, 
                    0, 
                    0, 
                    0, 
                    0, 
                    0, 
                    0, 
                    0, 
                    0, 
                    0, 
                    0, 
                    0, 
                    0, 
                    0, 
                    0, 
                    0, 
                    0, 
                    0, 
                    1
                ], 
                [
                    3, 
                    1, 
                    0, 
                    1, 
                    1, 
                    1, 
                    1, 
                    1, 
                    0, 
                    0, 
                    0, 
                    0, 
                    0, 
                    0, 
                    0, 
                    0, 
                    0, 
                    0, 
                    0, 
                    0, 
                    0, 
                    0, 
                    0, 
                    0, 
                    0, 
                    0
                ]
            ], 
            "start_time": 1515707621.583345, 
            "success": true
        }
    ], 
    "completed_solutions": [
        [
            {
                "end_time": 1515707612.20648, 
                "name": "push_l0", 
                "py/object": "logger.ActionLog", 
                "start_time": 1515707610.489023
            }, 
            {
                "end_time": 1515707614.507545, 
                "name": "push_l2", 
                "py/object": "logger.ActionLog", 
                "start_time": 1515707612.971237
            }, 
            {
                "end_time": 1515707617.555174, 
                "name": "push_door", 
                "py/object": "logger.ActionLog", 
                "start_time": 1515707615.570305
            }
        ], 
        [
            {
                "end_time": 1515707623.919103, 
                "name": "push_l0", 
                "py/object": "logger.ActionLog", 
                "start_time": 1515707622.201353
            }, 
            {
                "end_time": 1515707627.11764, 
                "name": "push_l1", 
                "py/object": "logger.ActionLog", 
                "start_time": 1515707624.134145
            }, 
            {
                "end_time": 1515707631.597326, 
                "name": "push_door", 
                "py/object": "logger.ActionLog", 
                "start_time": 1515707627.149379
            }
        ]
    ], 
    "cur_attempt": null, 
    "end_time": 1515707635.629521, 
    "name": "trial4", 
    "num_solutions_remaining": 0, 
    "py/object": "logger.TrialLog", 
    "scenario_name": "CC3", 
    "solution_found": [
        false, 
        true, 
        true
    ], 
    "solutions": [
        [
            {
                "name": "push_l0", 
                "py/object": "logger.ActionLog", 
                "start_time": null
            }, 
            {
                "name": "push_l1", 
                "py/object": "logger.ActionLog", 
                "start_time": null
            }, 
            {
                "name": "push_door", 
                "py/object": "logger.ActionLog", 
                "start_time": null
            }
        ], 
        [
            {
                "name": "push_l0", 
                "py/object": "logger.ActionLog", 
                "start_time": null
            }, 
            {
                "name": "push_l2", 
                "py/object": "logger.ActionLog", 
                "start_time": null
            }, 
            {
                "name": "push_door", 
                "py/object": "logger.ActionLog", 
                "start_time": null
            }
        ]
    ], 
    "start_time": 1515707599.624533, 
    "success": true
}