{
    "attempt_seq": [
        {
            "action_seq": [
                {
                    "end_time": 1520366843.405897, 
                    "name": "push_l2", 
                    "py/object": "logger.ActionLog", 
                    "start_time": 1520366838.869314
                }, 
                {
                    "end_time": 1520366847.02112, 
                    "name": "push_l0", 
                    "py/object": "logger.ActionLog", 
                    "start_time": 1520366844.72035
                }, 
                {
                    "end_time": 1520366850.440339, 
                    "name": "push_l2", 
                    "py/object": "logger.ActionLog", 
                    "start_time": 1520366848.503671
                }
            ], 
            "attempt_num": 0, 
            "cur_action": null, 
            "end_time": 1520366850.440423, 
            "py/object": "logger.AttemptLog", 
            "results": [
                [
                    "frame", 
                    "door", 
                    "door_lock", 
                    "inactive0", 
                    "inactive1", 
                    "inactive2", 
                    "l2", 
                    "l3", 
                    "l0", 
                    "l1", 
                    "agent", 
                    "push_inactive0", 
                    "push_l1", 
                    "push_l0", 
                    "push_l2", 
                    "push_l3", 
                    "push_inactive1", 
                    "push_inactive2", 
                    "pull_inactive0", 
                    "pull_l1", 
                    "pull_l0", 
                    "pull_l2", 
                    "pull_l3", 
                    "pull_inactive1", 
                    "pull_inactive2", 
                    "push_door"
                ], 
                [
                    0, 
                    0, 
                    1, 
                    1, 
                    1, 
                    1, 
                    1, 
                    1, 
                    1, 
                    1, 
                    0, 
                    0, 
                    0, 
                    0, 
                    0, 
                    0, 
                    0, 
                    0, 
                    0, 
                    0, 
                    0, 
                    0, 
                    0, 
                    0, 
                    0, 
                    0
                ], 
                [
                    0, 
                    0, 
                    1, 
                    1, 
                    1, 
                    1, 
                    1, 
                    1, 
                    1, 
                    1, 
                    0, 
                    0, 
                    0, 
                    0, 
                    1, 
                    0, 
                    0, 
                    0, 
                    0, 
                    0, 
                    0, 
                    0, 
                    0, 
                    0, 
                    0, 
                    0
                ], 
                [
                    1, 
                    0, 
                    1, 
                    1, 
                    1, 
                    1, 
                    1, 
                    1, 
                    1, 
                    1, 
                    0, 
                    0, 
                    0, 
                    0, 
                    0, 
                    0, 
                    0, 
                    0, 
                    0, 
                    0, 
                    0, 
                    0, 
                    0, 
                    0, 
                    0, 
                    0
                ], 
                [
                    1, 
                    0, 
                    1, 
                    1, 
                    1, 
                    1, 
                    1, 
                    1, 
                    1, 
                    1, 
                    0, 
                    0, 
                    0, 
                    1, 
                    0, 
                    0, 
                    0, 
                    0, 
                    0, 
                    0, 
                    0, 
                    0, 
                    0, 
                    0, 
                    0, 
                    0
                ], 
                [
                    2, 
                    0, 
                    1, 
                    1, 
                    1, 
                    1, 
                    1, 
                    1, 
                    0, 
                    1, 
                    0, 
                    0, 
                    0, 
                    0, 
                    0, 
                    0, 
                    0, 
                    0, 
                    0, 
                    0, 
                    0, 
                    0, 
                    0, 
                    0, 
                    0, 
                    0
                ], 
                [
                    2, 
                    0, 
                    1, 
                    1, 
                    1, 
                    1, 
                    1, 
                    1, 
                    0, 
                    1, 
                    0, 
                    0, 
                    0, 
                    0, 
                    1, 
                    0, 
                    0, 
                    0, 
                    0, 
                    0, 
                    0, 
                    0, 
                    0, 
                    0, 
                    0, 
                    0
                ], 
                [
                    3, 
                    0, 
                    0, 
                    1, 
                    1, 
                    1, 
                    0, 
                    1, 
                    0, 
                    1, 
                    0, 
                    0, 
                    0, 
                    0, 
                    0, 
                    0, 
                    0, 
                    0, 
                    0, 
                    0, 
                    0, 
                    0, 
                    0, 
                    0, 
                    0, 
                    0
                ]
            ], 
            "start_time": 1520366835.017681, 
            "success": false
        }, 
        {
            "action_seq": [
                {
                    "end_time": 1520366857.420174, 
                    "name": "push_door", 
                    "py/object": "logger.ActionLog", 
                    "start_time": 1520366854.570415
                }, 
                {
                    "end_time": 1520366867.221895, 
                    "name": "push_l0", 
                    "py/object": "logger.ActionLog", 
                    "start_time": 1520366861.78658
                }, 
                {
                    "end_time": 1520366869.949518, 
                    "name": "push_l1", 
                    "py/object": "logger.ActionLog", 
                    "start_time": 1520366867.803721
                }
            ], 
            "attempt_num": 1, 
            "cur_action": null, 
            "end_time": 1520366869.949591, 
            "py/object": "logger.AttemptLog", 
            "results": [
                [
                    "frame", 
                    "door", 
                    "door_lock", 
                    "inactive0", 
                    "inactive1", 
                    "inactive2", 
                    "l2", 
                    "l3", 
                    "l0", 
                    "l1", 
                    "agent", 
                    "push_inactive0", 
                    "push_l1", 
                    "push_l0", 
                    "push_l2", 
                    "push_l3", 
                    "push_inactive1", 
                    "push_inactive2", 
                    "pull_inactive0", 
                    "pull_l1", 
                    "pull_l0", 
                    "pull_l2", 
                    "pull_l3", 
                    "pull_inactive1", 
                    "pull_inactive2", 
                    "push_door"
                ], 
                [
                    0, 
                    0, 
                    1, 
                    1, 
                    1, 
                    1, 
                    1, 
                    1, 
                    1, 
                    1, 
                    0, 
                    0, 
                    0, 
                    0, 
                    0, 
                    0, 
                    0, 
                    0, 
                    0, 
                    0, 
                    0, 
                    0, 
                    0, 
                    0, 
                    0, 
                    0
                ], 
                [
                    0, 
                    0, 
                    1, 
                    1, 
                    1, 
                    1, 
                    1, 
                    1, 
                    1, 
                    1, 
                    0, 
                    0, 
                    0, 
                    0, 
                    0, 
                    0, 
                    0, 
                    0, 
                    0, 
                    0, 
                    0, 
                    0, 
                    0, 
                    0, 
                    0, 
                    1
                ], 
                [
                    1, 
                    0, 
                    1, 
                    1, 
                    1, 
                    1, 
                    1, 
                    1, 
                    1, 
                    1, 
                    0, 
                    0, 
                    0, 
                    0, 
                    0, 
                    0, 
                    0, 
                    0, 
                    0, 
                    0, 
                    0, 
                    0, 
                    0, 
                    0, 
                    0, 
                    0
                ], 
                [
                    1, 
                    0, 
                    1, 
                    1, 
                    1, 
                    1, 
                    1, 
                    1, 
                    1, 
                    1, 
                    0, 
                    0, 
                    0, 
                    1, 
                    0, 
                    0, 
                    0, 
                    0, 
                    0, 
                    0, 
                    0, 
                    0, 
                    0, 
                    0, 
                    0, 
                    0
                ], 
                [
                    2, 
                    0, 
                    1, 
                    1, 
                    1, 
                    1, 
                    1, 
                    1, 
                    0, 
                    1, 
                    0, 
                    0, 
                    0, 
                    0, 
                    0, 
                    0, 
                    0, 
                    0, 
                    0, 
                    0, 
                    0, 
                    0, 
                    0, 
                    0, 
                    0, 
                    0
                ], 
                [
                    2, 
                    0, 
                    1, 
                    1, 
                    1, 
                    1, 
                    1, 
                    1, 
                    0, 
                    1, 
                    0, 
                    0, 
                    1, 
                    0, 
                    0, 
                    0, 
                    0, 
                    0, 
                    0, 
                    0, 
                    0, 
                    0, 
                    0, 
                    0, 
                    0, 
                    0
                ], 
                [
                    3, 
                    0, 
                    0, 
                    1, 
                    1, 
                    1, 
                    1, 
                    1, 
                    0, 
                    0, 
                    0, 
                    0, 
                    0, 
                    0, 
                    0, 
                    0, 
                    0, 
                    0, 
                    0, 
                    0, 
                    0, 
                    0, 
                    0, 
                    0, 
                    0, 
                    0
                ]
            ], 
            "start_time": 1520366854.483311, 
            "success": false
        }, 
        {
            "action_seq": [
                {
                    "end_time": 1520366876.75603, 
                    "name": "push_door", 
                    "py/object": "logger.ActionLog", 
                    "start_time": 1520366874.086596
                }, 
                {
                    "end_time": 1520366884.653632, 
                    "name": "push_l3", 
                    "py/object": "logger.ActionLog", 
                    "start_time": 1520366878.952807
                }, 
                {
                    "end_time": 1520366887.372982, 
                    "name": "push_l2", 
                    "py/object": "logger.ActionLog", 
                    "start_time": 1520366885.303392
                }
            ], 
            "attempt_num": 2, 
            "cur_action": null, 
            "end_time": 1520366887.373079, 
            "py/object": "logger.AttemptLog", 
            "results": [
                [
                    "frame", 
                    "door", 
                    "door_lock", 
                    "inactive0", 
                    "inactive1", 
                    "inactive2", 
                    "l2", 
                    "l3", 
                    "l0", 
                    "l1", 
                    "agent", 
                    "push_inactive0", 
                    "push_l1", 
                    "push_l0", 
                    "push_l2", 
                    "push_l3", 
                    "push_inactive1", 
                    "push_inactive2", 
                    "pull_inactive0", 
                    "pull_l1", 
                    "pull_l0", 
                    "pull_l2", 
                    "pull_l3", 
                    "pull_inactive1", 
                    "pull_inactive2", 
                    "push_door"
                ], 
                [
                    0, 
                    0, 
                    1, 
                    1, 
                    1, 
                    1, 
                    1, 
                    1, 
                    1, 
                    1, 
                    0, 
                    0, 
                    0, 
                    0, 
                    0, 
                    0, 
                    0, 
                    0, 
                    0, 
                    0, 
                    0, 
                    0, 
                    0, 
                    0, 
                    0, 
                    0
                ], 
                [
                    0, 
                    0, 
                    1, 
                    1, 
                    1, 
                    1, 
                    1, 
                    1, 
                    1, 
                    1, 
                    0, 
                    0, 
                    0, 
                    0, 
                    0, 
                    0, 
                    0, 
                    0, 
                    0, 
                    0, 
                    0, 
                    0, 
                    0, 
                    0, 
                    0, 
                    1
                ], 
                [
                    1, 
                    0, 
                    1, 
                    1, 
                    1, 
                    1, 
                    1, 
                    1, 
                    1, 
                    1, 
                    0, 
                    0, 
                    0, 
                    0, 
                    0, 
                    0, 
                    0, 
                    0, 
                    0, 
                    0, 
                    0, 
                    0, 
                    0, 
                    0, 
                    0, 
                    0
                ], 
                [
                    1, 
                    0, 
                    1, 
                    1, 
                    1, 
                    1, 
                    1, 
                    1, 
                    1, 
                    1, 
                    0, 
                    0, 
                    0, 
                    0, 
                    0, 
                    1, 
                    0, 
                    0, 
                    0, 
                    0, 
                    0, 
                    0, 
                    0, 
                    0, 
                    0, 
                    0
                ], 
                [
                    2, 
                    0, 
                    1, 
                    1, 
                    1, 
                    1, 
                    1, 
                    1, 
                    1, 
                    1, 
                    0, 
                    0, 
                    0, 
                    0, 
                    0, 
                    0, 
                    0, 
                    0, 
                    0, 
                    0, 
                    0, 
                    0, 
                    0, 
                    0, 
                    0, 
                    0
                ], 
                [
                    2, 
                    0, 
                    1, 
                    1, 
                    1, 
                    1, 
                    1, 
                    1, 
                    1, 
                    1, 
                    0, 
                    0, 
                    0, 
                    0, 
                    1, 
                    0, 
                    0, 
                    0, 
                    0, 
                    0, 
                    0, 
                    0, 
                    0, 
                    0, 
                    0, 
                    0
                ], 
                [
                    3, 
                    0, 
                    1, 
                    1, 
                    1, 
                    1, 
                    1, 
                    1, 
                    1, 
                    1, 
                    0, 
                    0, 
                    0, 
                    0, 
                    0, 
                    0, 
                    0, 
                    0, 
                    0, 
                    0, 
                    0, 
                    0, 
                    0, 
                    0, 
                    0, 
                    0
                ]
            ], 
            "start_time": 1520366873.999881, 
            "success": false
        }, 
        {
            "action_seq": [
                {
                    "end_time": 1520366891.40064, 
                    "name": "push_inactive1", 
                    "py/object": "logger.ActionLog", 
                    "start_time": 1520366888.704051
                }, 
                {
                    "end_time": 1520366895.75628, 
                    "name": "push_l0", 
                    "py/object": "logger.ActionLog", 
                    "start_time": 1520366891.45368
                }, 
                {
                    "end_time": 1520366901.919571, 
                    "name": "push_inactive1", 
                    "py/object": "logger.ActionLog", 
                    "start_time": 1520366896.753477
                }
            ], 
            "attempt_num": 3, 
            "cur_action": null, 
            "end_time": 1520366901.919635, 
            "py/object": "logger.AttemptLog", 
            "results": [
                [
                    "frame", 
                    "door", 
                    "door_lock", 
                    "inactive0", 
                    "inactive1", 
                    "inactive2", 
                    "l2", 
                    "l3", 
                    "l0", 
                    "l1", 
                    "agent", 
                    "push_inactive0", 
                    "push_l1", 
                    "push_l0", 
                    "push_l2", 
                    "push_l3", 
                    "push_inactive1", 
                    "push_inactive2", 
                    "pull_inactive0", 
                    "pull_l1", 
                    "pull_l0", 
                    "pull_l2", 
                    "pull_l3", 
                    "pull_inactive1", 
                    "pull_inactive2", 
                    "push_door"
                ], 
                [
                    0, 
                    0, 
                    1, 
                    1, 
                    1, 
                    1, 
                    1, 
                    1, 
                    1, 
                    1, 
                    0, 
                    0, 
                    0, 
                    0, 
                    0, 
                    0, 
                    0, 
                    0, 
                    0, 
                    0, 
                    0, 
                    0, 
                    0, 
                    0, 
                    0, 
                    0
                ], 
                [
                    0, 
                    0, 
                    1, 
                    1, 
                    1, 
                    1, 
                    1, 
                    1, 
                    1, 
                    1, 
                    0, 
                    0, 
                    0, 
                    0, 
                    0, 
                    0, 
                    1, 
                    0, 
                    0, 
                    0, 
                    0, 
                    0, 
                    0, 
                    0, 
                    0, 
                    0
                ], 
                [
                    1, 
                    0, 
                    1, 
                    1, 
                    1, 
                    1, 
                    1, 
                    1, 
                    1, 
                    1, 
                    0, 
                    0, 
                    0, 
                    0, 
                    0, 
                    0, 
                    0, 
                    0, 
                    0, 
                    0, 
                    0, 
                    0, 
                    0, 
                    0, 
                    0, 
                    0
                ], 
                [
                    1, 
                    0, 
                    1, 
                    1, 
                    1, 
                    1, 
                    1, 
                    1, 
                    1, 
                    1, 
                    0, 
                    0, 
                    0, 
                    1, 
                    0, 
                    0, 
                    0, 
                    0, 
                    0, 
                    0, 
                    0, 
                    0, 
                    0, 
                    0, 
                    0, 
                    0
                ], 
                [
                    2, 
                    0, 
                    1, 
                    1, 
                    1, 
                    1, 
                    1, 
                    1, 
                    0, 
                    1, 
                    0, 
                    0, 
                    0, 
                    0, 
                    0, 
                    0, 
                    0, 
                    0, 
                    0, 
                    0, 
                    0, 
                    0, 
                    0, 
                    0, 
                    0, 
                    0
                ], 
                [
                    2, 
                    0, 
                    1, 
                    1, 
                    1, 
                    1, 
                    1, 
                    1, 
                    0, 
                    1, 
                    0, 
                    0, 
                    0, 
                    0, 
                    0, 
                    0, 
                    1, 
                    0, 
                    0, 
                    0, 
                    0, 
                    0, 
                    0, 
                    0, 
                    0, 
                    0
                ], 
                [
                    3, 
                    0, 
                    1, 
                    1, 
                    1, 
                    1, 
                    1, 
                    1, 
                    0, 
                    1, 
                    0, 
                    0, 
                    0, 
                    0, 
                    0, 
                    0, 
                    0, 
                    0, 
                    0, 
                    0, 
                    0, 
                    0, 
                    0, 
                    0, 
                    0, 
                    0
                ]
            ], 
            "start_time": 1520366887.399864, 
            "success": false
        }, 
        {
            "action_seq": [
                {
                    "end_time": 1520366909.571609, 
                    "name": "push_l0", 
                    "py/object": "logger.ActionLog", 
                    "start_time": 1520366904.637074
                }, 
                {
                    "end_time": 1520366914.238835, 
                    "name": "push_l3", 
                    "py/object": "logger.ActionLog", 
                    "start_time": 1520366909.769024
                }, 
                {
                    "end_time": 1520366922.716322, 
                    "name": "push_door", 
                    "py/object": "logger.ActionLog", 
                    "start_time": 1520366916.003625
                }
            ], 
            "attempt_num": 4, 
            "cur_action": null, 
            "end_time": 1520366922.716423, 
            "py/object": "logger.AttemptLog", 
            "results": [
                [
                    "frame", 
                    "door", 
                    "door_lock", 
                    "inactive0", 
                    "inactive1", 
                    "inactive2", 
                    "l2", 
                    "l3", 
                    "l0", 
                    "l1", 
                    "agent", 
                    "push_inactive0", 
                    "push_l1", 
                    "push_l0", 
                    "push_l2", 
                    "push_l3", 
                    "push_inactive1", 
                    "push_inactive2", 
                    "pull_inactive0", 
                    "pull_l1", 
                    "pull_l0", 
                    "pull_l2", 
                    "pull_l3", 
                    "pull_inactive1", 
                    "pull_inactive2", 
                    "push_door"
                ], 
                [
                    0, 
                    0, 
                    1, 
                    1, 
                    1, 
                    1, 
                    1, 
                    1, 
                    1, 
                    1, 
                    0, 
                    0, 
                    0, 
                    0, 
                    0, 
                    0, 
                    0, 
                    0, 
                    0, 
                    0, 
                    0, 
                    0, 
                    0, 
                    0, 
                    0, 
                    0
                ], 
                [
                    0, 
                    0, 
                    1, 
                    1, 
                    1, 
                    1, 
                    1, 
                    1, 
                    1, 
                    1, 
                    0, 
                    0, 
                    0, 
                    1, 
                    0, 
                    0, 
                    0, 
                    0, 
                    0, 
                    0, 
                    0, 
                    0, 
                    0, 
                    0, 
                    0, 
                    0
                ], 
                [
                    1, 
                    0, 
                    1, 
                    1, 
                    1, 
                    1, 
                    1, 
                    1, 
                    0, 
                    1, 
                    0, 
                    0, 
                    0, 
                    0, 
                    0, 
                    0, 
                    0, 
                    0, 
                    0, 
                    0, 
                    0, 
                    0, 
                    0, 
                    0, 
                    0, 
                    0
                ], 
                [
                    1, 
                    0, 
                    1, 
                    1, 
                    1, 
                    1, 
                    1, 
                    1, 
                    0, 
                    1, 
                    0, 
                    0, 
                    0, 
                    0, 
                    0, 
                    1, 
                    0, 
                    0, 
                    0, 
                    0, 
                    0, 
                    0, 
                    0, 
                    0, 
                    0, 
                    0
                ], 
                [
                    2, 
                    0, 
                    0, 
                    1, 
                    1, 
                    1, 
                    1, 
                    0, 
                    0, 
                    1, 
                    0, 
                    0, 
                    0, 
                    0, 
                    0, 
                    0, 
                    0, 
                    0, 
                    0, 
                    0, 
                    0, 
                    0, 
                    0, 
                    0, 
                    0, 
                    0
                ], 
                [
                    2, 
                    0, 
                    0, 
                    1, 
                    1, 
                    1, 
                    1, 
                    0, 
                    0, 
                    1, 
                    0, 
                    0, 
                    0, 
                    0, 
                    0, 
                    0, 
                    0, 
                    0, 
                    0, 
                    0, 
                    0, 
                    0, 
                    0, 
                    0, 
                    0, 
                    1
                ], 
                [
                    3, 
                    1, 
                    0, 
                    1, 
                    1, 
                    1, 
                    1, 
                    0, 
                    0, 
                    1, 
                    0, 
                    0, 
                    0, 
                    0, 
                    0, 
                    0, 
                    0, 
                    0, 
                    0, 
                    0, 
                    0, 
                    0, 
                    0, 
                    0, 
                    0, 
                    0
                ]
            ], 
            "start_time": 1520366901.934261, 
            "success": true
        }, 
        {
            "action_seq": [
                {
                    "end_time": 1520366931.417435, 
                    "name": "push_l0", 
                    "py/object": "logger.ActionLog", 
                    "start_time": 1520366927.620464
                }, 
                {
                    "end_time": 1520366934.825894, 
                    "name": "push_l2", 
                    "py/object": "logger.ActionLog", 
                    "start_time": 1520366932.25364
                }, 
                {
                    "end_time": 1520366941.165275, 
                    "name": "push_door", 
                    "py/object": "logger.ActionLog", 
                    "start_time": 1520366935.303092
                }
            ], 
            "attempt_num": 5, 
            "cur_action": null, 
            "end_time": 1520366941.165376, 
            "py/object": "logger.AttemptLog", 
            "results": [
                [
                    "frame", 
                    "door", 
                    "door_lock", 
                    "inactive0", 
                    "inactive1", 
                    "inactive2", 
                    "l2", 
                    "l3", 
                    "l0", 
                    "l1", 
                    "agent", 
                    "push_inactive0", 
                    "push_l1", 
                    "push_l0", 
                    "push_l2", 
                    "push_l3", 
                    "push_inactive1", 
                    "push_inactive2", 
                    "pull_inactive0", 
                    "pull_l1", 
                    "pull_l0", 
                    "pull_l2", 
                    "pull_l3", 
                    "pull_inactive1", 
                    "pull_inactive2", 
                    "push_door"
                ], 
                [
                    0, 
                    0, 
                    1, 
                    1, 
                    1, 
                    1, 
                    1, 
                    1, 
                    1, 
                    1, 
                    0, 
                    0, 
                    0, 
                    0, 
                    0, 
                    0, 
                    0, 
                    0, 
                    0, 
                    0, 
                    0, 
                    0, 
                    0, 
                    0, 
                    0, 
                    0
                ], 
                [
                    0, 
                    0, 
                    1, 
                    1, 
                    1, 
                    1, 
                    1, 
                    1, 
                    1, 
                    1, 
                    0, 
                    0, 
                    0, 
                    1, 
                    0, 
                    0, 
                    0, 
                    0, 
                    0, 
                    0, 
                    0, 
                    0, 
                    0, 
                    0, 
                    0, 
                    0
                ], 
                [
                    1, 
                    0, 
                    1, 
                    1, 
                    1, 
                    1, 
                    1, 
                    1, 
                    0, 
                    1, 
                    0, 
                    0, 
                    0, 
                    0, 
                    0, 
                    0, 
                    0, 
                    0, 
                    0, 
                    0, 
                    0, 
                    0, 
                    0, 
                    0, 
                    0, 
                    0
                ], 
                [
                    1, 
                    0, 
                    1, 
                    1, 
                    1, 
                    1, 
                    1, 
                    1, 
                    0, 
                    1, 
                    0, 
                    0, 
                    0, 
                    0, 
                    1, 
                    0, 
                    0, 
                    0, 
                    0, 
                    0, 
                    0, 
                    0, 
                    0, 
                    0, 
                    0, 
                    0
                ], 
                [
                    2, 
                    0, 
                    0, 
                    1, 
                    1, 
                    1, 
                    0, 
                    1, 
                    0, 
                    1, 
                    0, 
                    0, 
                    0, 
                    0, 
                    0, 
                    0, 
                    0, 
                    0, 
                    0, 
                    0, 
                    0, 
                    0, 
                    0, 
                    0, 
                    0, 
                    0
                ], 
                [
                    2, 
                    0, 
                    0, 
                    1, 
                    1, 
                    1, 
                    0, 
                    1, 
                    0, 
                    1, 
                    0, 
                    0, 
                    0, 
                    0, 
                    0, 
                    0, 
                    0, 
                    0, 
                    0, 
                    0, 
                    0, 
                    0, 
                    0, 
                    0, 
                    0, 
                    1
                ], 
                [
                    3, 
                    1, 
                    0, 
                    1, 
                    1, 
                    1, 
                    0, 
                    1, 
                    0, 
                    1, 
                    0, 
                    0, 
                    0, 
                    0, 
                    0, 
                    0, 
                    0, 
                    0, 
                    0, 
                    0, 
                    0, 
                    0, 
                    0, 
                    0, 
                    0, 
                    0
                ]
            ], 
            "start_time": 1520366926.734127, 
            "success": true
        }, 
        {
            "action_seq": [
                {
                    "end_time": 1520366949.251903, 
                    "name": "push_l0", 
                    "py/object": "logger.ActionLog", 
                    "start_time": 1520366946.220152
                }, 
                {
                    "end_time": 1520366952.022479, 
                    "name": "push_l1", 
                    "py/object": "logger.ActionLog", 
                    "start_time": 1520366949.886516
                }, 
                {
                    "end_time": 1520366956.804327, 
                    "name": "push_door", 
                    "py/object": "logger.ActionLog", 
                    "start_time": 1520366952.236883
                }
            ], 
            "attempt_num": 6, 
            "cur_action": null, 
            "end_time": 1520366956.804429, 
            "py/object": "logger.AttemptLog", 
            "results": [
                [
                    "frame", 
                    "door", 
                    "door_lock", 
                    "inactive0", 
                    "inactive1", 
                    "inactive2", 
                    "l2", 
                    "l3", 
                    "l0", 
                    "l1", 
                    "agent", 
                    "push_inactive0", 
                    "push_l1", 
                    "push_l0", 
                    "push_l2", 
                    "push_l3", 
                    "push_inactive1", 
                    "push_inactive2", 
                    "pull_inactive0", 
                    "pull_l1", 
                    "pull_l0", 
                    "pull_l2", 
                    "pull_l3", 
                    "pull_inactive1", 
                    "pull_inactive2", 
                    "push_door"
                ], 
                [
                    0, 
                    0, 
                    1, 
                    1, 
                    1, 
                    1, 
                    1, 
                    1, 
                    1, 
                    1, 
                    0, 
                    0, 
                    0, 
                    0, 
                    0, 
                    0, 
                    0, 
                    0, 
                    0, 
                    0, 
                    0, 
                    0, 
                    0, 
                    0, 
                    0, 
                    0
                ], 
                [
                    0, 
                    0, 
                    1, 
                    1, 
                    1, 
                    1, 
                    1, 
                    1, 
                    1, 
                    1, 
                    0, 
                    0, 
                    0, 
                    1, 
                    0, 
                    0, 
                    0, 
                    0, 
                    0, 
                    0, 
                    0, 
                    0, 
                    0, 
                    0, 
                    0, 
                    0
                ], 
                [
                    1, 
                    0, 
                    1, 
                    1, 
                    1, 
                    1, 
                    1, 
                    1, 
                    0, 
                    1, 
                    0, 
                    0, 
                    0, 
                    0, 
                    0, 
                    0, 
                    0, 
                    0, 
                    0, 
                    0, 
                    0, 
                    0, 
                    0, 
                    0, 
                    0, 
                    0
                ], 
                [
                    1, 
                    0, 
                    1, 
                    1, 
                    1, 
                    1, 
                    1, 
                    1, 
                    0, 
                    1, 
                    0, 
                    0, 
                    1, 
                    0, 
                    0, 
                    0, 
                    0, 
                    0, 
                    0, 
                    0, 
                    0, 
                    0, 
                    0, 
                    0, 
                    0, 
                    0
                ], 
                [
                    2, 
                    0, 
                    0, 
                    1, 
                    1, 
                    1, 
                    1, 
                    1, 
                    0, 
                    0, 
                    0, 
                    0, 
                    0, 
                    0, 
                    0, 
                    0, 
                    0, 
                    0, 
                    0, 
                    0, 
                    0, 
                    0, 
                    0, 
                    0, 
                    0, 
                    0
                ], 
                [
                    2, 
                    0, 
                    0, 
                    1, 
                    1, 
                    1, 
                    1, 
                    1, 
                    0, 
                    0, 
                    0, 
                    0, 
                    0, 
                    0, 
                    0, 
                    0, 
                    0, 
                    0, 
                    0, 
                    0, 
                    0, 
                    0, 
                    0, 
                    0, 
                    0, 
                    1
                ], 
                [
                    3, 
                    1, 
                    0, 
                    1, 
                    1, 
                    1, 
                    1, 
                    1, 
                    0, 
                    0, 
                    0, 
                    0, 
                    0, 
                    0, 
                    0, 
                    0, 
                    0, 
                    0, 
                    0, 
                    0, 
                    0, 
                    0, 
                    0, 
                    0, 
                    0, 
                    0
                ]
            ], 
            "start_time": 1520366945.199637, 
            "success": true
        }
    ], 
    "completed_solutions": [
        [
            {
                "end_time": 1520366909.571609, 
                "name": "push_l0", 
                "py/object": "logger.ActionLog", 
                "start_time": 1520366904.637074
            }, 
            {
                "end_time": 1520366914.238835, 
                "name": "push_l3", 
                "py/object": "logger.ActionLog", 
                "start_time": 1520366909.769024
            }, 
            {
                "end_time": 1520366922.716322, 
                "name": "push_door", 
                "py/object": "logger.ActionLog", 
                "start_time": 1520366916.003625
            }
        ], 
        [
            {
                "end_time": 1520366931.417435, 
                "name": "push_l0", 
                "py/object": "logger.ActionLog", 
                "start_time": 1520366927.620464
            }, 
            {
                "end_time": 1520366934.825894, 
                "name": "push_l2", 
                "py/object": "logger.ActionLog", 
                "start_time": 1520366932.25364
            }, 
            {
                "end_time": 1520366941.165275, 
                "name": "push_door", 
                "py/object": "logger.ActionLog", 
                "start_time": 1520366935.303092
            }
        ], 
        [
            {
                "end_time": 1520366949.251903, 
                "name": "push_l0", 
                "py/object": "logger.ActionLog", 
                "start_time": 1520366946.220152
            }, 
            {
                "end_time": 1520366952.022479, 
                "name": "push_l1", 
                "py/object": "logger.ActionLog", 
                "start_time": 1520366949.886516
            }, 
            {
                "end_time": 1520366956.804327, 
                "name": "push_door", 
                "py/object": "logger.ActionLog", 
                "start_time": 1520366952.236883
            }
        ]
    ], 
    "cur_attempt": null, 
    "end_time": 1520366960.833797, 
    "name": "trial9", 
    "num_solutions_remaining": 0, 
    "py/object": "logger.TrialLog", 
    "scenario_name": "CC4", 
    "solution_found": [
        false, 
        false, 
        false, 
        false, 
        true, 
        true, 
        true
    ], 
    "solutions": [
        [
            {
                "name": "push_l0", 
                "py/object": "logger.ActionLog", 
                "start_time": null
            }, 
            {
                "name": "push_l1", 
                "py/object": "logger.ActionLog", 
                "start_time": null
            }, 
            {
                "name": "push_door", 
                "py/object": "logger.ActionLog", 
                "start_time": null
            }
        ], 
        [
            {
                "name": "push_l0", 
                "py/object": "logger.ActionLog", 
                "start_time": null
            }, 
            {
                "name": "push_l2", 
                "py/object": "logger.ActionLog", 
                "start_time": null
            }, 
            {
                "name": "push_door", 
                "py/object": "logger.ActionLog", 
                "start_time": null
            }
        ], 
        [
            {
                "name": "push_l0", 
                "py/object": "logger.ActionLog", 
                "start_time": null
            }, 
            {
                "name": "push_l3", 
                "py/object": "logger.ActionLog", 
                "start_time": null
            }, 
            {
                "name": "push_door", 
                "py/object": "logger.ActionLog", 
                "start_time": null
            }
        ]
    ], 
    "start_time": 1520366835.017674, 
    "success": true
}